,Unnamed: 0,Team,Player,Pageviews,G,Min,Start,Sub,Gls,Ast,NPG,PK,Sh,SoT,SoT%,ShDist,FK,PaCmp,PaCmp%,KP,Crs,PrgP,Car,TotDist,PrgC,Mis,Dis,TOnAtt,TOnSucc,TOnSucc%,Tkl,TklW,Def_3rd,Mid_3rd,Att_3rd,Blck,Int,Clr,Err,DuelW,DuelW%,CrdY,CrdR,Fls,Fld,Off,OG,Recov,GA,Sv,Sv%,CS,CS%,Pos,BdOr,GBoot,GGlove,POTY,TOTY,WC,Euro,UCL,Prem
0,316,Arsenal,William Saliba,859902.0,86,7664,86,0,6,2,6,0,19,8,42.1,10.3,0,5727,92.4,16,1,326,4314,19961,38,48,23,38,26,68.4,117,72,77,37,3,34,62,228,10,155,56.8,10,1,60,39,1,1,510,0,0,,0,,DF,0,0,0,0,2,0,0,0,0
1,357,Arsenal,Kieran Tierney,520401.0,93,6016,66,27,3,8,3,0,43,12,27.9,22.3,0,2822,75.2,62,35,270,2377,12583,196,60,27,80,40,50.0,85,56,38,36,11,21,51,179,1,44,31.0,6,0,32,55,2,0,303,0,0,,0,,DF,0,0,0,0,0,0,0,0,0
2,387,Arsenal,Ben White,613154.0,152,12809,146,6,6,10,6,0,49,13,26.5,16.0,0,7055,83.8,88,24,744,5482,24885,200,101,40,105,51,48.6,211,114,102,85,24,84,169,337,2,188,54.8,23,1,103,81,14,1,639,0,0,,0,,DF,0,0,0,0,0,0,0,0,0
3,285,Arsenal,Thomas Partey,372233.0,117,8596,97,20,7,5,7,0,123,24,19.5,22.3,2,5382,86.9,73,6,661,4238,20877,119,113,65,153,115,75.2,230,139,86,104,40,23,109,137,7,111,55.5,21,0,126,85,1,0,663,0,0,,0,,MF,0,0,0,0,0,0,0,0,0
4,225,Arsenal,Gabriel Magalhães,495757.0,153,13320,150,3,17,1,17,0,127,40,31.5,10.4,0,8362,88.6,30,2,550,6852,33320,66,62,20,22,17,77.3,190,115,118,61,11,130,113,477,12,331,57.9,24,2,122,152,3,1,665,0,0,,0,,DF,0,0,0,0,1,0,0,0,0
5,314,Arsenal,Bukayo Saka,2105898.0,186,14660,173,13,52,45,41,11,402,130,32.3,16.5,2,5000,74.7,335,53,557,5417,34415,698,360,259,600,264,44.0,252,140,92,87,73,9,90,116,1,90,29.4,26,0,186,317,62,1,681,0,0,,0,,FW,0,0,0,0,1,0,0,0,0
6,281,Arsenal,Martin Ødegaard,1001717.0,137,11069,127,10,32,26,29,3,257,82,31.9,19.9,27,5580,83.2,307,27,1033,4942,26241,286,166,190,259,138,53.3,157,71,43,71,43,7,36,35,2,38,36.2,11,0,93,105,8,0,584,0,0,,0,,MF,0,0,0,0,2,0,0,0,0
7,178,Arsenal,Gabriel Jesus,595739.0,229,13474,146,83,76,40,72,4,489,203,41.5,12.1,0,3689,81.7,207,10,328,4039,20771,320,410,269,484,273,56.4,152,101,53,42,57,8,83,64,1,184,32.9,31,0,215,252,124,0,505,0,0,,0,,FW,0,0,0,0,0,0,0,0,4
8,233,Arsenal,Gabriel Martinelli,503358.0,149,9288,107,42,38,18,37,1,246,91,37.0,14.8,2,2493,74.0,173,33,242,3145,22632,458,277,176,466,190,40.8,131,90,47,51,33,4,47,63,1,73,26.6,9,1,114,109,35,0,394,0,0,,0,,FW,0,0,0,0,0,0,0,0,0
9,358,Arsenal,Jurriën Timber,441775.0,22,1736,20,2,1,1,1,0,11,3,27.3,16.3,0,843,85.6,14,2,92,641,2812,32,18,16,39,18,46.2,38,24,8,22,8,4,13,31,1,12,41.4,8,0,25,18,6,0,73,0,0,,0,,DF,0,0,0,0,0,0,0,0,0
10,199,Arsenal,Jakub Kiwior,281755.0,35,1700,18,17,2,3,2,0,7,3,42.9,13.3,0,847,84.3,8,3,69,597,2127,5,8,2,6,4,66.7,31,19,20,10,1,8,15,54,2,28,53.8,1,0,16,5,0,0,64,0,0,,0,,DF,0,0,0,0,0,0,0,0,0
11,399,Arsenal,Oleksandr Zinchenko,332784.0,138,9567,106,32,2,11,2,0,102,24,23.5,23.9,1,8581,88.2,120,31,972,6562,28610,275,75,59,86,47,54.7,225,132,93,96,36,15,125,159,7,194,59.9,10,1,75,35,8,0,629,0,0,,0,,DF,0,0,0,0,0,0,0,0,4
12,361,Arsenal,Takehiro Tomiyasu,253502.0,65,3498,36,29,2,3,2,0,32,5,15.6,15.0,0,1849,81.3,23,17,220,1414,6609,63,47,19,31,14,45.2,82,44,46,27,9,7,56,113,3,90,53.3,6,1,36,24,1,0,185,0,0,,0,,DF,0,0,0,0,0,0,0,0,0
13,367,Arsenal,Leandro Trossard,694337.0,193,12684,143,50,42,28,41,1,323,115,35.6,17.1,7,3863,73.6,232,41,651,4368,26950,430,340,281,363,198,54.5,158,93,54,61,43,8,79,48,2,30,23.6,10,1,110,141,42,0,650,0,0,,0,,FW,0,0,0,0,0,0,0,0,0
14,184,Arsenal,Jorginho,722192.0,191,13332,153,38,21,8,2,19,55,10,18.2,28.8,0,10412,88.3,128,6,1176,7605,31892,132,127,114,123,72,58.5,357,190,135,178,44,27,251,130,10,82,39.2,33,0,157,187,0,0,1171,0,0,,0,,MF,0,0,0,0,0,1,1,1,0
15,295,Arsenal,David Raya,851970.0,117,10530,117,0,0,0,0,0,1,0,0.0,9.1,0,3191,68.9,3,0,23,2993,15889,0,4,0,1,1,100.0,1,1,1,0,0,0,2,39,13,34,87.2,6,0,2,18,0,1,131,118,331,75.8,44,37.6,GK,0,0,1,0,1,0,1,0,0
16,245,Arsenal,Mikel Merino,1041555.0,39,2107,22,17,3,2,3,0,32,12,37.5,19.1,0,920,78.7,24,2,150,802,3741,29,45,43,48,32,66.7,77,52,26,42,9,13,46,38,1,67,53.6,6,0,50,41,3,0,189,0,0,,0,,MF,0,0,0,0,0,0,1,0,0
17,157,Arsenal,Kai Havertz,1372313.0,148,10282,120,28,40,16,38,2,275,116,42.2,12.5,1,3061,80.8,138,6,378,2919,15110,255,296,150,220,80,36.4,119,57,24,64,31,6,41,147,3,307,49.4,25,0,212,128,75,0,373,0,0,,0,,FW,0,0,0,0,0,0,0,1,0
18,348,Arsenal,Raheem Sterling,1804849.0,387,28228,318,69,123,65,120,3,547,310,40.4,14.2,11,5892,80.3,315,38,562,7057,42919,873,435,446,853,413,48.4,167,109,46,66,55,5,104,40,1,64,29.2,46,2,410,351,100,0,668,0,0,,0,,FW,0,0,0,0,1,0,0,0,4
19,267,Arsenal,Neto,262547.0,61,5445,61,0,0,0,0,0,0,0,,,0,1253,64.1,0,0,0,1116,6733,0,1,0,3,3,100.0,3,1,3,0,0,0,1,23,7,13,81.3,9,0,1,6,0,0,62,96,221,72.5,13,21.3,GK,0,0,0,0,0,0,0,0,0
20,57,Arsenal,Riccardo Calafiori,1146947.0,12,752,8,4,2,1,2,0,7,5,71.4,13.0,0,356,84.8,4,1,36,229,1221,13,10,4,11,8,72.7,24,17,14,9,1,6,9,21,0,19,65.5,3,0,14,6,2,0,29,0,0,,0,,DF,0,0,0,0,0,0,0,0,0
21,301,Arsenal,Declan Rice,1676245.0,263,22061,246,17,18,20,17,1,226,64,28.3,21.5,7,11366,86.7,196,26,1411,8982,57073,499,192,145,337,221,65.6,585,325,294,259,32,101,399,414,2,319,55.9,36,1,184,76,9,0,1792,0,0,,0,,DF,0,0,0,0,1,0,0,0,0
22,61,Aston Villa,Matty Cash,292732.0,137,10969,124,13,7,9,7,0,92,32,34.8,18.3,0,4289,74.5,78,55,363,3584,20507,268,131,70,177,86,48.6,307,174,176,110,21,51,170,331,3,116,47.2,33,1,144,107,7,1,587,0,0,,0,,DF,0,0,0,0,0,0,0,0,0
23,95,Aston Villa,Axel Disasi,295673.0,37,2943,33,4,3,0,3,0,18,5,27.8,10.5,0,2297,90.1,5,1,128,1809,8135,36,17,15,23,13,56.5,40,23,25,11,4,20,20,113,3,77,70.0,7,0,19,17,4,1,165,0,0,,0,,DF,0,0,0,0,0,0,0,0,0
24,203,Aston Villa,Ezri Konsa,514062.0,184,15914,181,3,7,2,7,0,80,24,30.0,10.2,0,7174,87.4,36,9,374,5681,24897,77,88,45,87,50,57.5,192,105,113,68,11,142,138,580,12,301,59.4,23,2,83,277,3,0,724,0,0,,0,,DF,0,0,0,0,0,0,0,0,0
25,248,Aston Villa,Tyrone Mings,200967.0,164,13794,155,9,6,9,6,0,61,18,29.5,11.5,0,5792,80.4,34,4,397,5029,28496,71,59,22,47,38,80.9,94,64,68,20,6,147,192,732,12,314,65.6,33,1,98,85,9,4,808,0,0,,0,,DF,0,0,0,0,0,0,0,0,0
26,28,Aston Villa,Ross Barkley,821913.0,280,18043,199,81,37,33,35,2,300,163,30.3,20.4,14,3775,84.8,148,5,457,3144,18228,203,121,174,234,158,67.5,97,69,33,47,17,17,69,88,5,110,56.1,27,0,201,147,14,0,495,0,0,,0,,MF,0,0,0,0,0,0,0,0,0
27,241,Aston Villa,John McGinn,376183.0,188,15696,180,8,16,22,16,0,244,74,30.3,22.1,4,4823,77.2,213,51,917,4708,24275,238,293,224,410,258,62.9,361,218,126,181,54,21,152,118,3,102,42.0,42,1,238,397,6,0,978,0,0,,0,,MF,0,0,0,0,0,0,0,0,0
28,356,Aston Villa,Youri Tielemans,322093.0,206,15819,178,28,24,30,19,5,253,75,29.6,24.2,7,8679,80.3,244,33,1224,6890,27797,237,223,163,273,170,62.3,392,218,143,200,49,46,154,152,9,143,53.8,24,0,197,246,2,0,1109,0,0,,0,,MF,0,0,0,0,0,0,0,0,0
29,294,Aston Villa,Marcus Rashford,1651729.0,287,19638,217,70,87,40,79,8,561,246,42.4,18.2,48,4492,75.3,213,27,554,5082,34439,645,462,275,803,362,45.1,121,86,30,49,42,8,63,119,1,141,38.0,24,1,163,258,125,0,554,0,0,,0,,FW,0,0,0,0,0,0,0,0,0
30,382,Aston Villa,Ollie Watkins,1759055.0,169,14220,162,7,69,31,64,5,419,190,45.3,13.0,0,2111,71.3,174,6,223,2659,14241,301,395,267,297,127,42.8,82,53,10,44,28,16,37,117,1,351,43.1,19,1,150,193,86,0,293,0,0,,0,,FW,0,0,0,0,1,0,0,0,0
31,93,Aston Villa,Lucas Digne,207235.0,213,16754,192,21,6,28,6,0,134,27,20.1,22.9,46,7647,71.7,322,150,673,5792,26662,358,159,131,190,87,45.8,378,221,249,92,37,47,239,555,1,434,64.8,34,2,213,172,23,4,929,0,0,,0,,DF,0,0,0,0,0,0,0,0,0
32,362,Aston Villa,Pau Torres,157122.0,47,4013,45,2,2,0,2,0,20,7,35.0,13.9,0,2498,87.6,9,1,198,2132,13973,73,12,16,42,30,71.4,47,31,28,17,2,21,20,124,2,37,46.3,2,0,24,16,2,0,179,0,0,,0,,DF,0,0,0,0,0,0,0,0,0
33,228,Aston Villa,Donyell Malen,395347.0,1,25,0,1,0,0,0,0,1,1,100.0,20.9,0,3,60.0,0,0,0,4,68,1,1,1,2,0,0.0,0,0,0,0,0,0,0,0,0,1,100.0,0,0,0,1,0,0,0,0,0,,0,,FW,0,0,0,0,0,0,0,0,0
34,221,Aston Villa,Ian Maatsen,617634.0,29,620,4,25,0,1,0,0,11,2,18.2,22.1,0,331,76.8,13,2,25,280,1641,19,18,18,16,5,31.3,15,9,7,6,2,0,9,24,1,9,52.9,3,0,10,4,2,0,41,0,0,,0,,DF,0,0,0,0,0,0,0,0,0
35,231,Aston Villa,Emiliano Martínez,1153049.0,1,9,0,1,0,0,0,0,0,0,,,0,1,100.0,0,0,1,2,11,0,0,0,1,0,0.0,0,0,0,0,0,0,0,1,0,0,,0,0,0,1,0,0,1,0,0,,0,,MF,0,0,0,0,0,0,0,0,0
36,277,Aston Villa,Amadou Onana,777513.0,79,5613,66,13,5,2,5,0,77,16,20.8,17.2,0,2113,84.6,43,2,219,1678,8111,60,76,34,93,39,41.9,178,101,73,89,16,18,77,96,3,131,60.1,18,0,104,109,3,0,364,0,0,,0,,MF,0,0,0,0,0,0,0,0,0
37,276,Aston Villa,Robin Olsen,88158.0,18,1451,14,4,0,0,0,0,0,0,,,0,419,69.6,0,0,0,332,1631,0,1,0,0,0,,1,0,1,0,0,0,0,7,1,4,100.0,1,0,0,3,0,0,17,34,56,64.8,3,21.4,GK,0,0,0,0,0,0,0,0,0
38,44,Aston Villa,Lamare Bogarde,85520.0,4,267,3,1,0,0,0,0,1,1,100.0,20.2,0,126,87.5,2,0,8,100,517,7,3,6,3,2,66.7,11,6,5,5,1,1,1,6,0,1,20.0,1,0,5,5,0,0,8,0,0,,0,,DF,0,0,0,0,0,0,0,0,0
39,309,Aston Villa,Morgan Rogers,933013.0,33,2448,30,3,9,5,9,0,47,16,34.0,16.6,0,540,74.2,38,1,100,604,4448,92,83,56,128,59,46.1,29,11,8,11,10,3,7,24,1,14,26.4,10,0,47,39,0,0,105,0,0,,0,,MF,0,0,0,0,0,0,0,0,0
40,156,Aston Villa,Kortney Hause,61715.0,32,2572,28,4,3,0,3,0,27,6,22.2,8.4,0,955,74.7,2,0,70,824,4697,11,18,8,17,12,70.6,28,14,20,6,2,26,34,164,4,158,72.5,5,0,35,14,2,0,183,0,0,,0,,DF,0,0,0,0,0,0,0,0,0
41,25,Aston Villa,Leon Bailey,310681.0,105,5786,68,37,16,17,16,0,147,45,30.6,17.4,9,1295,68.4,105,25,164,1767,13015,269,161,140,306,129,42.2,49,27,20,21,8,2,19,30,0,53,36.1,14,0,77,76,27,0,266,0,0,,0,,FW,0,0,0,0,0,0,0,0,0
42,293,Aston Villa,Jacob Ramsey,133115.0,122,7537,84,38,14,11,14,0,110,33,30.0,17.0,0,2374,83.4,90,9,321,2418,16901,261,173,119,183,93,50.8,178,104,73,78,27,26,61,80,0,48,36.4,14,0,94,126,7,1,396,0,0,,0,,MF,0,0,0,0,0,0,0,0,0
43,190,Aston Villa,Boubacar Kamara,120399.0,24,1008,7,17,3,0,2,1,23,10,43.5,19.8,0,256,68.3,16,2,12,294,2026,35,36,21,29,16,55.2,10,6,2,6,2,0,2,6,0,23,51.1,3,1,33,7,7,0,47,0,0,,0,,FW,0,0,0,0,0,0,0,0,0
44,169,Bournemouth,Dean Huijsen,398688.0,17,1154,12,5,2,0,2,0,10,2,20.0,8.3,0,596,84.4,11,0,58,481,2856,21,5,0,2,1,50.0,21,17,9,11,1,19,27,75,2,34,57.6,4,0,12,3,1,0,59,0,0,,0,,DF,0,0,0,0,0,0,0,0,0
45,195,Bournemouth,Milos Kerkez,242832.0,51,3967,45,6,2,4,2,0,29,8,27.6,20.0,0,1370,75.4,34,24,144,1120,6580,100,58,21,52,24,46.2,79,44,46,27,6,19,45,123,2,31,33.7,7,1,45,45,1,1,195,0,0,,0,,DF,0,0,0,0,0,0,0,0,0
46,74,Bournemouth,Lewis Cook,80667.0,158,11102,121,37,1,11,1,0,64,12,18.8,25.8,3,4376,77.5,148,23,621,3537,18443,137,147,115,188,119,63.3,259,158,119,123,17,46,183,166,5,103,48.4,27,1,164,69,5,0,845,0,0,,0,,MF,0,0,0,0,0,0,0,0,0
47,330,Bournemouth,Marcos Senesi,72679.0,73,5650,66,7,6,5,6,0,23,6,26.1,10.7,0,2509,78.5,32,15,238,2271,11459,51,39,20,41,24,58.5,138,88,77,55,6,49,89,297,3,83,49.7,24,0,87,31,0,0,394,0,0,,0,,DF,0,0,0,0,0,0,0,0,0
48,50,Bournemouth,David Brooks,190667.0,74,3729,46,28,11,6,11,0,83,37,44.6,17.1,2,1035,70.6,57,14,156,1317,7660,102,93,59,128,50,39.1,54,36,16,26,12,10,34,42,1,13,19.1,9,0,34,63,3,0,181,0,0,,0,,MF,0,0,0,0,0,0,0,0,0
49,326,Bournemouth,Alex Scott,104820.0,31,1277,13,18,1,1,1,0,18,4,22.2,23.0,2,477,78.7,27,2,82,442,2794,29,22,14,50,15,30.0,40,22,16,14,10,5,18,23,2,15,35.7,3,0,22,38,1,0,87,0,0,,0,,MF,0,0,0,0,0,0,0,0,0
50,114,Bournemouth,Evanilson,288802.0,19,1370,17,2,5,0,5,0,42,20,47.6,13.5,0,133,67.9,16,0,13,206,1087,19,28,18,19,6,31.6,9,4,2,4,3,1,0,11,0,26,36.1,0,0,23,34,11,0,43,0,0,,0,,FW,0,0,0,0,0,0,0,0,0
51,68,Bournemouth,Ryan Christie,132218.0,91,6415,77,14,2,8,2,0,98,30,30.6,18.0,0,2156,77.9,114,11,349,2061,12124,126,144,100,223,105,47.1,162,93,60,77,25,24,101,117,4,50,37.6,16,0,121,108,7,0,506,0,0,,0,,MF,0,0,0,0,0,0,0,0,0
52,280,Bournemouth,Dango Ouattara,59819.0,69,3621,38,31,8,9,8,0,92,25,27.2,14.0,0,801,63.7,54,18,83,943,6879,132,95,46,166,74,44.6,100,65,52,26,22,12,42,98,1,92,46.9,5,0,30,40,21,0,181,0,0,,0,,FW,0,0,0,0,0,0,0,0,0
53,1,Bournemouth,Tyler Adams,285038.0,40,3053,33,7,0,3,0,0,9,1,11.1,21.7,0,1461,82.9,33,0,176,1091,4555,28,42,25,30,9,30.0,134,78,59,61,14,11,62,54,0,40,61.5,10,1,55,32,1,0,245,0,0,,0,,MF,0,0,0,0,0,0,0,0,0
54,20,Bournemouth,Kepa Arrizabalaga,755220.0,125,11160,124,1,0,0,0,0,0,0,,,0,3462,82.5,1,0,2,2540,11564,0,5,1,2,2,100.0,5,4,5,0,0,0,2,38,11,27,93.1,6,0,0,21,0,0,173,148,308,68.6,40,32.3,GK,0,0,0,0,0,0,0,2,0
55,340,Bournemouth,Adam Smith,64870.0,226,17514,198,28,5,13,5,0,58,16,20.7,20.4,0,4635,78.1,79,48,484,3596,20845,277,128,57,199,87,43.7,245,220,141,80,24,47,199,385,4,130,45.5,50,1,210,250,7,1,557,0,0,,0,,DF,0,0,0,0,0,0,0,0,0
56,354,Bournemouth,Marcus Tavernier,157838.0,69,5012,57,12,9,13,9,0,124,40,32.3,19.2,9,1538,71.3,94,19,214,1666,11393,174,121,114,238,104,43.7,117,74,53,46,18,7,17,54,0,39,31.0,6,0,54,63,10,0,330,0,0,,0,,MF,0,0,0,0,0,0,0,0,0
57,339,Bournemouth,Luis Sinisterra,139836.0,47,1774,21,26,8,3,8,0,67,25,37.3,15.2,0,553,78.9,38,4,80,621,4389,95,44,35,107,55,51.4,49,27,18,21,10,1,16,11,0,35,44.3,3,1,28,20,10,0,126,0,0,,0,,FW,0,0,0,0,0,0,0,0,0
58,200,Bournemouth,Justin Kluivert,441321.0,54,3356,44,10,18,5,12,6,96,38,39.6,18.8,3,590,69.7,46,5,108,773,5295,111,84,45,113,40,35.4,43,22,8,20,15,1,19,29,1,18,32.1,11,0,82,44,10,0,141,0,0,,0,,MF,0,0,0,0,0,0,0,0,0
59,177,Bournemouth,Daniel Jebbison,100334.0,10,353,3,7,1,0,1,0,6,3,50.0,11.9,0,38,67.9,4,0,2,58,278,4,12,7,7,4,57.1,6,2,1,3,2,2,2,1,0,7,22.6,1,0,7,6,1,0,19,0,0,,0,,FW,0,0,0,0,0,0,0,0,0
60,18,Bournemouth,Julián Araujo,247123.0,8,355,5,3,0,0,0,0,0,0,,,0,131,78.9,0,0,14,84,290,2,4,2,0,0,,7,3,3,4,0,0,4,13,0,2,25.0,1,0,4,1,0,0,24,0,0,,0,,DF,0,0,0,0,0,0,0,0,0
61,164,Bournemouth,James Hill,35949.0,10,255,4,6,0,1,0,0,1,0,0.0,26.1,0,83,61.5,2,0,14,71,181,0,3,1,3,1,33.3,6,4,2,3,1,2,7,17,0,7,58.3,0,0,5,4,0,0,12,0,0,,0,,DF,0,0,0,0,0,0,0,0,0
62,329,Bournemouth,Antoine Semenyo,291843.0,66,4289,49,17,16,5,16,0,158,57,36.1,17.2,0,970,71.0,58,12,133,1282,10366,181,124,104,209,100,47.8,57,36,18,25,14,8,13,47,0,101,42.6,11,0,92,57,11,0,231,0,0,,0,,FW,0,0,0,0,0,0,0,0,0
63,371,Bournemouth,Enes Ünal,184122.0,33,673,4,29,4,3,4,0,43,15,34.9,13.5,5,118,67.8,9,0,19,179,588,8,32,23,23,3,13.0,7,4,2,3,2,2,1,12,0,32,49.2,3,0,16,18,7,0,26,0,0,,0,,FW,0,0,0,0,0,0,0,0,0
64,398,Bournemouth,Illya Zabarnyi,82404.0,65,5699,63,2,1,0,1,0,15,2,13.3,8.3,0,2544,81.8,16,0,204,2290,13469,42,28,7,22,14,63.6,100,58,52,46,2,53,59,274,6,129,59.4,8,0,36,30,0,0,280,0,0,,0,,DF,0,0,0,0,0,0,0,0,0
65,40,Bournemouth,Owen Bevan,17521.0,1,9,0,1,0,0,0,0,0,0,,,0,2,66.7,0,0,0,1,0,0,0,0,0,0,,0,0,0,0,0,0,0,0,0,0,,0,0,0,0,0,0,1,0,0,,0,,DF,0,0,0,0,0,0,0,0,0
66,335,Bournemouth,Zain Silcott-Duberry,6246.0,1,1,0,1,0,0,0,0,0,0,,,0,1,50.0,0,0,0,1,6,0,0,0,0,0,,1,1,0,0,1,0,0,0,0,0,0.0,0,0,0,0,0,0,0,0,0,,0,,FW,0,0,0,0,0,0,0,0,0
67,392,Bournemouth,Ben Winterburn,332.0,2,10,0,2,0,0,0,0,0,0,,,0,1,50.0,0,0,0,1,1,0,0,0,0,0,,0,0,0,0,0,0,0,0,0,1,100.0,0,0,0,0,0,0,1,0,0,,0,,MF,0,0,0,0,0,0,0,0,0
68,313,Bournemouth,Dominic Sadi,9000.0,1,1,0,1,0,0,0,0,0,0,,,0,0,0.0,0,0,0,1,6,0,0,0,0,0,,0,0,0,0,0,0,0,0,0,0,0.0,0,0,0,0,0,0,0,0,0,,0,,MF,0,0,0,0,0,0,0,0,0
69,298,Bournemouth,Remy Rees-Dottin,,1,1,0,1,0,0,0,0,0,0,,,0,0,,0,0,0,0,0,0,0,0,0,0,,0,0,0,0,0,0,0,0,0,0,,0,0,0,0,0,0,0,0,0,,0,,FW,0,0,0,0,0,0,0,0,0
70,375,Brighton & Hove Albion,Bart Verbruggen,265398.0,42,3780,42,0,0,0,0,0,0,0,,,0,1391,83.5,0,0,5,1235,4594,0,2,0,3,3,100.0,1,1,1,0,0,0,0,24,6,14,93.3,6,0,1,3,0,0,76,58,117,71.3,8,19.0,GK,0,0,0,0,0,0,0,0,0
71,210,Brighton & Hove Albion,Tariq Lamptey,135067.0,98,4863,52,46,3,9,3,0,42,8,19.0,18.7,0,1948,78.4,55,40,129,1909,12464,223,124,41,177,77,43.5,101,68,52,37,12,12,73,71,2,22,24.4,14,1,82,132,7,0,275,0,0,,0,,DF,0,0,0,0,0,0,0,0,0
72,383,Brighton & Hove Albion,Adam Webster,52925.0,130,9992,115,15,6,1,6,0,76,19,25.0,12.5,0,6718,84.5,28,1,580,5512,31813,126,71,19,59,45,76.3,124,67,73,40,11,93,146,372,13,339,66.2,17,0,74,47,3,3,625,0,0,,0,,DF,0,0,0,0,0,0,0,0,0
73,104,Brighton & Hove Albion,Lewis Dunk,253593.0,259,22885,257,2,16,6,16,0,194,60,30.9,12.8,17,15306,88.1,77,4,805,11794,58488,167,101,33,50,34,68.0,258,145,170,81,7,255,306,997,14,658,64.5,45,5,154,121,7,6,1614,0,0,0.0,0,0.0,DF,0,0,0,0,0,0,0,0,0
74,247,Brighton & Hove Albion,James Milner,851805.0,637,40187,433,204,55,89,38,17,124,218,28.2,21.8,2,5865,81.8,156,37,776,4834,19294,178,114,74,95,60,63.2,222,209,77,115,30,25,143,139,3,111,49.3,78,3,564,130,6,0,588,0,0,,0,,DF,0,0,0,0,1,0,0,1,3
75,230,Brighton & Hove Albion,Solly March,92066.0,184,12169,133,51,14,18,14,0,223,77,34.5,18.7,10,3958,70.0,208,68,482,4150,27454,443,211,209,428,247,57.7,290,164,139,85,66,22,135,202,2,117,35.5,11,0,183,157,48,0,709,0,0,,0,,MF,0,0,0,0,0,0,0,0,0
76,145,Brighton & Hove Albion,Brajan Gruda,137099.0,11,367,5,6,0,0,0,0,3,2,66.7,18.6,2,101,72.7,10,1,13,115,808,14,6,16,17,6,35.3,9,4,2,5,2,0,2,3,0,2,40.0,0,0,3,6,1,0,15,0,0,,0,,FW,0,0,0,0,0,0,0,0,0
77,180,Brighton & Hove Albion,João Pedro,352491.0,79,5009,49,30,17,9,12,5,147,48,32.7,15.4,1,1379,74.6,73,10,220,1734,11384,187,193,148,268,129,48.1,61,34,20,26,15,5,32,53,0,123,46.8,6,0,46,122,17,0,179,0,0,,0,,FW,0,0,0,0,0,0,0,0,0
78,4,Brighton & Hove Albion,Simon Adingra,311853.0,46,2775,31,15,8,2,8,0,65,26,40.0,15.7,0,778,75.4,40,13,58,963,6336,131,73,34,152,62,40.8,58,26,29,16,13,1,25,25,0,11,45.8,3,0,38,19,17,0,148,0,0,,0,,FW,0,0,0,0,0,0,0,0,0
79,311,Brighton & Hove Albion,Georginio Rutter,250027.0,33,1450,14,19,4,3,4,0,44,8,18.2,15.2,0,203,62.8,16,1,56,339,2256,40,47,37,70,24,34.3,35,18,14,13,8,2,10,13,1,31,43.1,2,0,30,39,7,0,57,0,0,,0,,FW,0,0,0,0,0,0,0,0,0
80,249,Brighton & Hove Albion,Yankuba Minteh,370641.0,18,750,7,11,3,2,3,0,14,4,28.6,15.3,0,135,59.5,13,3,18,195,1576,39,20,6,51,23,45.1,14,9,6,2,6,0,5,8,0,8,33.3,5,0,11,4,2,0,33,0,0,,0,,FW,0,0,0,0,0,0,0,0,0
81,384,Brighton & Hove Albion,Danny Welbeck,816919.0,350,19842,217,133,73,30,73,0,296,247,40.5,13.8,9,1949,80.8,125,0,216,2229,11467,168,291,146,199,91,45.7,127,71,31,60,36,7,54,99,1,186,45.0,18,0,204,127,33,0,242,0,0,,0,,FW,0,0,0,0,0,0,0,1,1
82,26,Brighton & Hove Albion,Carlos Baleba,149448.0,47,2845,33,14,2,1,2,0,49,12,24.5,25.1,0,1322,90.3,22,1,126,1082,5918,46,39,39,59,31,52.5,89,46,32,42,15,12,49,45,3,47,67.1,14,1,66,56,0,0,209,0,0,,0,,MF,0,0,0,0,0,0,0,0,0
83,251,Brighton & Hove Albion,Kaoru Mitoma,329575.0,75,5649,59,16,15,12,15,0,125,52,41.6,13.6,0,1827,78.3,98,12,220,2109,16586,373,136,66,316,136,43.0,87,52,27,35,25,3,33,26,0,46,48.4,4,0,71,65,17,0,250,0,0,,0,,FW,0,0,0,0,0,0,0,0,0
84,347,Brighton & Hove Albion,Jason Steele,125410.0,35,3150,35,0,0,1,0,0,0,0,,,0,1183,86.7,1,0,0,977,4046,0,0,0,1,1,100.0,0,0,0,0,0,0,0,15,2,4,80.0,1,0,1,3,0,1,56,60,84,60.0,9,25.7,GK,0,0,0,0,0,0,0,0,0
85,188,Brighton & Hove Albion,Ferdi Kadıoğlu,315131.0,6,385,5,1,1,0,1,0,4,1,25.0,15.1,0,144,82.3,5,4,15,124,479,1,6,2,7,3,42.9,10,6,4,5,1,2,8,17,0,3,75.0,1,0,5,3,1,0,14,0,0,,0,,DF,0,0,0,0,0,0,0,0,0
86,139,Brighton & Hove Albion,Diego Gómez,101776.0,1,1,0,1,0,0,0,0,0,0,,,0,1,50.0,0,0,0,0,0,0,0,0,0,0,,0,0,0,0,0,0,0,0,0,0,0.0,0,0,0,0,0,0,0,0,0,,0,,MF,0,0,0,0,0,0,0,0,0
87,23,Brighton & Hove Albion,Yasin Ayari,118858.0,23,1334,15,8,0,0,0,0,17,5,29.4,20.4,1,517,80.5,21,1,47,431,2118,19,28,18,36,14,38.9,42,23,12,23,7,5,13,16,0,7,31.8,3,0,26,21,3,0,87,0,0,,0,,MF,0,0,0,0,0,0,0,0,0
88,388,Brighton & Hove Albion,Mats Wieffer,133719.0,13,471,4,9,1,1,1,0,5,2,40.0,11.0,0,288,86.2,5,0,34,237,1035,5,7,7,9,4,44.4,20,11,4,13,3,1,7,11,2,16,64.0,2,0,14,5,0,0,41,0,0,,0,,MF,0,0,0,0,0,0,0,0,0
89,159,Brighton & Hove Albion,Jan Paul van Hecke,113126.0,57,4454,49,8,0,1,0,0,27,8,29.6,13.3,0,3771,91.2,22,5,322,3224,18154,62,26,7,17,8,47.1,83,51,45,33,5,47,53,162,6,120,58.8,10,0,36,32,0,0,232,0,0,,0,,DF,0,0,0,0,0,0,0,0,0
90,113,Brighton & Hove Albion,Pervis Estupiñán,119290.0,72,5335,61,11,3,9,3,0,54,14,25.9,20.8,2,3197,82.9,96,47,311,2596,12205,177,79,55,86,38,44.2,126,71,68,43,15,14,76,94,1,72,54.5,11,0,88,55,19,1,373,0,0,,0,,DF,0,0,0,0,0,0,0,0,0
91,274,Brighton & Hove Albion,Matt O'Riley,630295.0,10,423,5,5,1,1,1,0,13,3,23.1,16.7,0,140,79.1,10,0,17,104,434,8,7,1,5,2,40.0,8,7,1,6,1,1,10,4,0,3,75.0,1,0,6,4,0,1,17,0,0,,0,,MF,0,0,0,0,0,0,0,0,0
92,373,Brighton & Hove Albion,Joël Veltman,74705.0,137,10394,117,20,4,4,4,0,51,14,27.5,17.1,0,5263,79.4,59,29,568,4086,18812,157,102,41,114,44,38.6,296,181,180,90,26,43,131,319,1,171,58.0,23,0,139,195,1,0,583,0,0,,0,,DF,0,0,0,0,0,0,0,0,0
93,165,Brighton & Hove Albion,Jack Hinshelwood,108689.0,24,1727,18,6,4,0,4,0,21,11,52.4,11.2,0,844,83.3,15,1,53,610,2771,26,20,3,11,1,9.1,27,14,12,10,5,4,18,32,1,12,44.4,3,0,19,5,1,0,63,0,0,,0,,FW,0,0,0,0,0,0,0,0,0
94,363,Burnley,James Trafford,241236.0,28,2520,28,0,0,0,0,0,0,0,,,0,1009,65.5,0,0,6,1009,4620,0,1,0,2,2,100.0,2,1,2,0,0,0,1,18,1,14,82.4,2,0,0,5,0,0,40,62,106,65.7,2,7.1,GK,0,0,0,0,0,0,0,0,0
95,394,Burnley,Joe Worrall,124800.0,37,2663,26,11,1,0,1,0,9,2,22.2,11.9,0,1029,77.9,7,0,75,789,3358,5,6,4,4,3,75.0,60,30,45,13,2,27,29,143,2,67,60.9,6,1,30,6,0,0,141,0,0,,0,,DF,0,0,0,0,0,0,0,0,0
96,112,Burnley,Maxime Estève,45653.0,16,1309,15,1,0,0,0,0,7,0,0.0,19.1,0,690,84.0,1,0,40,514,2716,15,5,3,3,1,33.3,27,10,15,12,0,10,27,56,0,26,54.2,6,0,25,16,0,0,62,0,0,,0,,DF,0,0,0,0,0,0,0,0,0
97,106,Burnley,CJ Egan-Riley,36770.0,1,4,0,1,0,0,0,0,0,0,,,0,1,100.0,0,0,0,0,0,0,0,0,0,0,,1,1,1,0,0,0,0,0,0,0,,0,0,0,0,0,0,1,0,0,,0,,DF,0,0,0,0,0,0,0,0,0
98,322,Burnley,Jeremy Sarmiento,239392.0,15,233,2,13,0,1,0,0,5,2,40.0,20.5,0,73,78.5,2,1,12,93,642,9,11,8,15,7,46.7,7,4,4,1,2,0,1,0,0,1,14.3,1,0,4,6,0,0,8,0,0,,0,,MF,0,0,0,0,0,0,0,0,0
99,52,Burnley,Josh Brownhill,116088.0,111,8825,96,15,6,6,6,0,97,27,27.8,22.3,12,2943,76.7,95,5,299,2030,8230,61,102,51,72,44,61.1,193,107,62,106,25,35,185,139,2,162,54.4,18,1,119,85,4,0,560,0,0,,0,,MF,0,0,0,0,0,0,0,0,0
100,16,Burnley,Jaidon Anthony,85692.0,33,1409,13,20,3,1,3,0,24,14,58.3,19.7,2,417,73.0,12,7,57,459,2609,33,30,29,53,17,32.1,33,18,16,9,8,3,11,22,0,11,42.3,3,0,13,14,7,0,91,0,0,,0,,MF,0,0,0,0,0,0,0,0,0
101,304,Burnley,Connor Roberts,118889.0,39,2783,30,9,1,2,1,0,6,4,66.7,21.7,0,1105,71.8,20,7,110,842,3856,32,13,7,14,6,42.9,38,22,21,12,5,11,29,93,3,22,42.3,7,1,12,45,4,0,139,0,0,,0,,DF,0,0,0,0,0,0,0,0,0
102,296,Burnley,Nathan Redmond,85806.0,276,19089,206,70,28,26,28,0,331,147,32.6,19.8,6,3406,71.9,196,45,505,3898,27840,532,266,230,481,289,60.1,180,127,70,77,33,8,85,84,3,70,27.9,14,1,206,156,46,0,701,0,0,,0,,FW,0,0,0,0,0,0,0,0,0
103,126,Burnley,Lyle Foster,128849.0,24,1899,22,2,5,3,5,0,34,16,47.1,14.6,0,312,67.7,19,0,37,380,2464,55,69,33,39,19,48.7,19,10,5,6,8,3,3,34,0,50,32.1,0,1,24,11,14,0,51,0,0,,0,,FW,0,0,0,0,0,0,0,0,0
104,292,Burnley,Aaron Ramsey,104907.0,168,15120,168,0,0,1,0,0,0,0,,,0,3362,62.2,4,1,11,3423,19534,0,4,0,4,4,100.0,8,6,8,0,0,0,4,104,20,34,79.1,4,0,1,21,0,0,129,245,523,70.3,40,23.8,GK,0,0,0,0,1,0,0,0,0
105,288,Burnley,Lucas Pires,27839.0,26,747,6,20,4,0,4,0,18,7,38.9,13.8,0,102,69.4,8,0,7,110,414,2,15,7,8,5,62.5,6,8,3,2,1,1,4,2,0,3,17.6,0,0,8,5,3,0,22,0,0,,0,,FW,0,0,0,0,0,0,0,0,0
106,79,Burnley,Josh Cullen,85245.0,28,2066,23,5,2,3,2,0,16,5,31.3,22.8,0,1176,85.4,26,3,123,849,3362,22,17,10,13,3,23.1,42,29,15,22,5,20,17,26,1,19,44.2,9,0,24,49,0,0,142,0,0,,0,,MF,0,0,0,0,0,0,0,0,0
107,334,Burnley,Jonjo Shelvey,264906.0,278,19692,216,62,23,27,21,2,188,141,28.7,26.5,35,4396,72.2,169,25,634,3702,17818,98,96,47,107,81,75.7,162,87,75,80,7,36,121,158,3,92,57.1,50,6,235,38,1,0,799,0,0,,0,,MF,0,0,0,0,0,0,0,0,0
108,243,Burnley,Hannibal Mejbri,283028.0,8,210,2,6,1,0,1,0,2,2,100.0,25.8,0,51,82.3,2,0,7,58,308,2,8,5,10,4,40.0,5,4,2,3,0,1,0,0,0,2,28.6,3,0,8,7,2,0,11,0,0,,0,,MF,0,0,0,0,0,0,0,0,0
109,321,Burnley,Josh Laurent,30255.0,26,1572,18,8,2,1,2,0,24,2,8.3,17.1,0,292,71.2,11,0,12,312,1723,21,52,25,32,16,50.0,26,14,15,7,4,2,11,18,2,40,45.5,1,0,9,23,4,0,70,0,0,,0,,FW,0,0,0,0,0,0,0,0,0
110,201,Burnley,Luca Koleosho,101233.0,15,974,13,2,1,1,1,0,23,5,21.7,18.5,0,192,70.1,11,2,19,299,2603,53,22,14,78,33,42.3,7,4,2,5,0,0,2,0,0,2,6.9,0,0,18,13,8,0,46,0,0,,0,,MF,0,0,0,0,0,0,0,0,0
111,366,Burnley,Mike Trésor,38620.0,16,420,3,13,0,0,0,0,5,0,0.0,19.7,1,120,66.7,7,0,10,136,777,15,9,6,22,11,50.0,10,6,9,1,0,0,1,1,0,1,10.0,0,0,0,3,2,0,28,0,0,,0,,FW,0,0,0,0,0,0,0,0,0
112,29,Burnley,Ashley Barnes,111726.0,200,12233,135,65,42,6,35,7,258,118,37.6,15.7,0,1073,58.4,70,7,130,1555,5916,63,279,145,62,35,56.5,82,62,12,49,21,18,22,69,0,367,35.3,42,3,334,312,108,1,276,0,0,,0,,FW,0,0,0,0,0,0,0,0,0
113,41,Burnley,Jordan Beyer,24093.0,15,1234,15,0,0,1,0,0,5,0,0.0,8.2,0,766,89.0,3,0,25,624,3314,9,5,1,7,4,57.1,35,20,22,12,1,15,16,68,1,28,51.9,6,0,11,6,0,0,57,0,0,,0,,DF,0,0,0,0,0,0,0,0,0
114,317,Chelsea,Robert Sánchez,313022.0,124,11152,124,0,0,0,0,0,0,0,,,0,3626,74.3,4,0,4,3228,15966,0,5,0,0,0,,4,1,4,0,0,0,6,57,18,42,95.5,14,1,6,10,0,0,179,151,331,71.9,34,27.4,GK,0,0,0,0,0,0,0,0,0
115,77,Chelsea,Marc Cucurella,1071259.0,101,8256,95,6,3,6,3,0,44,10,22.7,18.5,0,4989,83.9,83,28,378,3408,14972,187,83,31,89,39,43.8,252,154,139,77,36,43,84,213,4,95,48.5,28,1,89,108,7,1,545,0,0,,0,,DF,0,0,0,0,0,0,1,0,0
116,2,Chelsea,Tosin Adarabioyo,583719.0,89,7388,82,7,4,0,4,0,54,16,29.6,14.6,1,4347,85.4,14,0,252,3433,16613,32,21,13,30,23,76.7,100,52,77,20,3,51,96,446,3,216,67.5,9,0,47,18,6,1,320,0,0,,0,,DF,0,0,0,0,0,0,0,0,0
117,24,Chelsea,Benoît Badiashile,197730.0,33,2492,27,6,1,1,1,0,12,3,25.0,10.6,0,2034,90.2,9,0,118,1535,6759,17,9,7,5,1,20.0,41,27,25,16,0,18,40,106,4,69,65.1,5,0,32,14,1,1,173,0,0,,0,,DF,0,0,0,0,0,0,0,0,0
118,73,Chelsea,Levi Colwill,378797.0,61,4906,54,7,1,4,1,0,25,4,16.0,9.4,0,3432,87.3,21,2,238,2648,13140,48,38,13,20,13,65.0,75,50,44,25,6,31,65,170,3,131,65.2,9,0,55,39,6,0,232,0,0,,0,,DF,0,0,0,0,0,0,0,0,0
119,268,Chelsea,Pedro Neto,657210.0,131,7526,86,45,12,21,12,0,171,52,30.4,18.7,8,2596,76.5,167,56,189,2797,23045,439,224,116,414,184,44.4,59,32,21,22,16,4,59,22,0,38,27.0,21,0,74,117,14,0,370,0,0,,0,,FW,0,0,0,0,0,0,0,0,0
120,120,Chelsea,Enzo Fernández,882325.0,67,5358,61,6,6,8,5,1,90,25,27.8,21.5,6,3752,85.1,94,5,504,3084,13602,100,70,57,104,55,52.9,141,71,58,57,26,18,40,53,4,34,39.1,13,0,71,79,5,0,325,0,0,,0,,MF,0,0,0,0,0,1,0,0,0
121,259,Chelsea,Mykhailo Mudryk,577672.0,53,2384,26,27,5,4,5,0,50,18,36.0,17.4,0,574,69.7,44,5,70,742,6089,124,86,40,128,55,43.0,34,23,13,11,10,3,9,13,0,14,35.9,6,0,32,41,3,0,94,0,0,,0,,FW,0,0,0,0,0,0,0,0,0
122,224,Chelsea,Noni Madueke,1187194.0,56,3069,37,19,13,5,12,1,106,43,40.6,16.1,0,987,80.6,54,7,136,1142,9363,226,78,48,213,96,45.1,43,29,19,16,8,2,15,28,0,17,39.5,5,0,29,50,8,0,142,0,0,,0,,FW,0,0,0,0,0,0,0,0,0
123,186,Chelsea,Filip Jörgensen,252209.0,2,180,2,0,0,0,0,0,0,0,,,0,45,90.0,0,0,0,38,172,0,0,0,0,0,,0,0,0,0,0,0,0,0,0,0,,0,0,1,0,0,0,2,3,7,80.0,0,0.0,GK,0,0,0,0,0,0,0,0,0
124,39,Chelsea,Marcus Bettinelli,129906.0,7,630,7,0,0,0,0,0,0,0,,,0,160,65.0,0,0,0,94,510,0,1,0,0,0,,0,0,0,0,0,0,0,5,0,2,100.0,2,0,0,1,0,0,4,20,19,52.5,0,0.0,GK,0,0,0,0,0,0,0,0,0
125,174,Chelsea,Nicolas Jackson,1115882.0,57,4484,52,5,23,10,23,0,141,68,48.2,12.4,0,739,76.7,61,1,92,928,6571,110,138,96,155,71,45.8,38,23,9,13,16,7,6,32,0,47,34.8,15,0,49,62,43,0,133,0,0,,0,,FW,0,0,0,0,0,0,0,0,0
126,270,Chelsea,Christopher Nkunku,571242.0,30,875,5,25,5,1,5,0,31,13,41.9,11.6,0,295,88.6,12,0,30,270,1190,17,24,13,24,8,33.3,9,8,0,5,4,2,6,11,0,19,52.8,1,0,18,12,4,0,27,0,0,,0,,FW,0,0,0,0,0,0,0,0,0
127,318,Chelsea,Jadon Sancho,1980208.0,75,4727,53,22,11,10,11,0,62,22,35.5,14.1,0,1896,82.7,107,8,224,1847,12467,272,113,61,235,117,49.8,37,23,18,11,8,2,23,15,4,4,11.8,1,0,16,26,20,0,289,0,0,,0,,FW,0,0,0,0,0,0,0,0,0
128,282,Chelsea,Cole Palmer,3980647.0,75,5121,55,20,36,18,24,12,190,72,37.9,20.8,21,2043,78.2,140,17,344,2112,13493,222,121,76,203,97,47.8,46,22,17,15,14,4,27,24,3,4,26.7,11,0,37,80,13,0,199,0,0,,0,,MF,0,0,0,0,0,0,0,1,1
129,89,Chelsea,Kiernan Dewsbury-Hall,467522.0,65,4546,52,13,3,5,3,0,48,9,18.8,21.1,1,1892,76.1,76,11,274,1866,11376,153,130,81,128,73,57.0,94,55,35,48,11,21,50,51,2,31,45.6,9,1,59,66,1,0,307,0,0,,0,,MF,0,0,0,0,0,0,0,0,0
130,63,Chelsea,Trevoh Chalobah,350041.0,72,5249,59,13,7,2,7,0,33,15,45.5,14.0,0,3381,88.0,16,2,229,2432,8927,59,30,22,35,26,74.3,108,76,61,39,8,30,74,217,6,111,51.6,8,0,44,42,1,1,268,0,0,,0,,DF,0,0,0,0,0,0,0,0,0
131,175,Chelsea,Reece James,449119.0,115,7839,87,28,8,16,8,0,116,30,25.9,21.3,16,5667,83.9,148,59,507,4465,20924,246,93,88,203,136,67.0,175,118,80,77,18,27,76,139,2,140,55.6,14,3,90,97,12,1,493,0,0,,0,,DF,0,0,0,0,0,0,0,1,0
132,55,Chelsea,Moisés Caicedo,439482.0,103,8700,98,5,4,7,4,0,63,18,28.6,24.2,0,5355,88.8,90,9,534,3973,16431,96,108,71,154,75,48.7,273,146,114,128,31,43,136,118,7,100,60.6,29,0,169,146,1,0,641,0,0,,0,,MF,0,0,0,0,0,0,0,0,0
133,151,Chelsea,Malo Gusto,344710.0,46,3023,33,13,0,7,0,0,32,7,21.9,19.5,0,2036,86.4,44,17,159,1544,8077,109,40,23,52,20,38.5,88,49,52,28,8,10,32,72,3,14,32.6,10,1,35,43,7,0,202,0,0,,0,,DF,0,0,0,0,0,0,0,0,0
134,123,Chelsea,Wesley Fofana,403701.0,64,5270,60,4,1,0,1,0,24,6,25.0,10.1,0,3497,87.8,15,0,195,3011,18612,93,59,24,53,35,66.0,110,77,64,39,7,38,114,207,5,166,61.7,19,0,76,76,3,0,350,0,0,,0,,DF,0,0,0,0,0,0,0,0,0
135,134,Chelsea,Tyrique George,95315.0,1,7,0,1,0,0,0,0,0,0,,,0,4,100.0,0,0,0,3,29,1,0,0,0,0,,0,0,0,0,0,0,0,0,0,0,,1,0,0,0,1,0,0,0,0,,0,,FW,0,0,0,0,0,0,0,0,0
136,0,Chelsea,Josh Acheampong,94419.0,3,166,2,1,0,0,0,0,2,0,0.0,8.9,0,93,82.3,0,0,7,97,668,0,2,0,2,1,50.0,2,1,2,0,0,3,1,2,0,1,12.5,0,0,0,1,0,0,8,0,0,,0,,DF,0,0,0,0,0,0,0,0,0
137,194,Chelsea,Omari Kellyman,179530.0,2,37,0,2,0,0,0,0,1,0,0.0,20.8,0,6,85.7,0,0,0,4,33,1,2,0,0,0,,1,0,0,1,0,0,0,0,0,0,0.0,0,0,0,0,0,0,2,0,0,,0,,FW,0,0,0,0,0,0,0,0,0
138,149,Chelsea,Marc Guiu,575773.0,2,34,0,2,0,0,0,0,0,0,,,0,4,50.0,0,0,0,3,3,0,0,0,1,0,0.0,0,0,0,0,0,0,0,0,0,0,,0,0,0,0,0,0,0,0,0,,0,,FW,0,0,0,0,0,0,0,0,0
139,211,Chelsea,Roméo Lavia,348702.0,40,2786,34,6,1,1,1,0,13,3,23.1,26.1,0,1142,87.2,22,0,120,1025,5277,25,25,37,62,35,56.5,78,45,32,39,7,11,44,29,1,14,53.8,13,0,39,52,0,0,215,0,0,,0,,MF,0,0,0,0,0,0,0,0,0
140,84,Chelsea,David Datro Fofana,308120.0,18,949,11,7,4,1,4,0,22,11,50.0,14.7,0,124,68.1,11,1,17,211,1345,23,46,23,49,20,40.8,13,6,4,6,3,3,1,2,0,13,28.3,1,0,20,13,10,0,28,0,0,,0,,FW,0,0,0,0,0,0,0,0,0
141,161,Crystal Palace,Dean Henderson,360985.0,108,9675,107,1,0,0,0,0,2,0,0.0,12.2,0,1857,56.7,2,0,0,1884,12211,0,5,0,0,0,,4,3,4,0,0,0,1,50,6,37,97.4,12,0,1,5,0,1,74,136,305,70.4,33,30.8,GK,0,0,0,0,0,0,0,0,0
142,380,Crystal Palace,Joel Ward,69567.0,307,26350,293,14,5,7,5,0,57,24,17.5,17.6,0,5567,74.6,40,29,581,3819,16381,128,134,65,94,64,68.1,298,261,193,86,19,62,262,572,6,312,57.0,50,0,305,167,4,2,731,0,0,,0,,DF,0,0,0,0,0,0,0,0,0
143,250,Crystal Palace,Tyrick Mitchell,89463.0,155,13104,150,5,3,11,3,0,31,9,29.0,12.7,0,5063,72.0,93,55,470,3789,15658,160,169,107,140,73,52.1,411,244,275,99,37,44,140,410,2,99,45.4,16,1,91,71,6,0,846,0,0,,0,,DF,0,0,0,0,0,0,0,0,0
144,209,Crystal Palace,Maxence Lacroix,100691.0,20,1800,20,0,1,1,1,0,17,3,17.6,11.4,0,763,82.0,3,0,46,648,3066,7,14,2,11,8,72.7,41,25,31,9,1,8,36,110,1,33,55.0,4,0,23,13,1,0,96,0,0,,0,,DF,0,0,0,0,0,0,0,0,0
145,147,Crystal Palace,Marc Guéhi,1050468.0,120,10552,118,2,6,3,6,0,48,16,33.3,9.8,0,6059,85.8,30,2,371,4840,23094,58,53,26,58,42,72.4,150,81,108,38,4,86,106,454,5,206,56.4,19,0,62,117,0,3,651,0,0,,0,,DF,0,0,0,0,0,0,0,0,0
146,323,Crystal Palace,Ismaïla Sarr,270608.0,73,5391,59,14,14,9,14,0,116,48,41.4,16.5,0,1025,68.9,70,21,141,1514,10656,227,190,123,198,90,45.5,37,25,14,12,11,6,33,40,0,49,35.5,6,0,48,125,31,0,273,0,0,,0,,FW,0,0,0,0,0,0,0,0,0
147,213,Crystal Palace,Jefferson Lerma,139638.0,146,12064,138,8,9,3,9,0,148,36,24.3,21.5,0,5204,80.7,74,7,579,4211,17131,76,110,80,118,75,63.6,206,123,81,105,20,70,216,333,4,287,56.7,44,1,184,169,10,2,1030,0,0,,0,,MF,0,0,0,0,0,0,0,0,0
148,269,Crystal Palace,Eddie Nketiah,468311.0,133,4776,44,89,19,7,19,0,163,58,35.6,13.2,0,873,77.5,55,0,92,1125,6989,139,149,85,141,63,44.7,58,33,18,22,18,3,13,33,0,66,33.0,12,1,116,108,28,0,130,0,0,,0,,FW,0,0,0,0,0,0,0,0,0
149,116,Crystal Palace,Eberechi Eze,801880.0,131,9436,108,23,28,20,26,2,264,91,34.5,21.2,41,3320,77.7,206,17,454,3425,21436,282,252,179,488,255,52.3,143,78,48,63,32,6,60,29,2,53,29.6,11,0,84,222,21,0,623,0,0,,0,,MF,0,0,0,0,0,0,0,0,0
150,127,Crystal Palace,Matheus França,71960.0,10,232,1,9,0,1,0,0,8,2,25.0,21.8,0,51,64.6,6,0,8,81,722,12,4,7,14,4,28.6,3,3,2,1,0,0,1,1,0,1,16.7,1,0,6,2,2,0,17,0,0,,0,,MF,0,0,0,0,0,0,0,0,0
151,261,Crystal Palace,Daniel Muñoz,226783.0,38,3332,38,0,2,6,2,0,30,8,26.7,11.4,0,1232,76.5,50,8,91,856,4143,54,56,18,64,25,39.1,137,91,70,41,26,9,48,104,1,67,48.6,9,0,61,20,15,0,173,0,0,,0,,DF,0,0,0,0,0,0,0,0,0
152,236,Crystal Palace,Jean-Philippe Mateta,481519.0,116,6190,67,49,32,7,28,4,155,67,43.2,13.0,0,797,68.0,65,6,73,1058,5128,83,197,153,125,50,40.0,47,27,10,26,11,9,12,64,0,175,41.8,10,0,88,59,60,0,187,0,0,,0,,FW,0,0,0,0,0,0,0,0,0
153,70,Crystal Palace,Nathaniel Clyne,153588.0,265,21616,240,25,4,12,4,0,45,26,20.0,22.0,0,2901,77.8,27,20,217,2057,9078,82,60,24,52,25,48.1,140,146,70,57,13,19,129,173,3,43,39.8,25,0,127,45,1,0,339,0,0,,0,,DF,0,0,0,0,0,0,0,0,0
154,189,Crystal Palace,Daichi Kamada,248268.0,19,873,9,10,0,0,0,0,13,4,30.8,20.5,0,339,79.6,13,2,56,265,1314,16,8,14,8,4,50.0,29,15,9,17,3,3,13,8,0,2,20.0,2,1,20,12,2,0,42,0,0,,0,,MF,0,0,0,0,0,0,0,0,0
155,168,Crystal Palace,Will Hughes,147678.0,170,10769,127,43,6,14,6,0,104,22,21.2,19.4,0,3692,77.8,130,12,462,3169,14685,155,192,168,129,81,62.8,352,199,123,171,58,51,132,120,0,88,38.1,37,0,241,211,3,0,694,0,0,,0,,MF,0,0,0,0,0,0,0,0,0
156,386,Crystal Palace,Adam Wharton,623939.0,24,1919,23,1,0,3,0,0,19,6,31.6,24.9,0,749,78.2,29,5,140,571,2402,20,17,22,14,4,28.6,66,42,27,31,8,3,30,37,1,12,34.3,2,0,23,33,0,0,127,0,0,,0,,MF,0,0,0,0,0,0,0,0,0
157,111,Crystal Palace,Romain Esse,29174.0,1,7,0,1,1,0,1,0,1,1,100.0,2.8,0,3,75.0,0,0,1,3,17,0,0,0,0,0,,1,1,1,0,0,0,0,0,0,1,100.0,0,0,0,0,0,0,1,0,0,,0,,MF,0,0,0,0,0,0,0,0,0
158,66,Crystal Palace,Ben Chilwell,448049.0,169,13157,147,22,12,18,12,0,119,43,36.1,17.9,1,6774,74.5,175,57,545,5914,36097,513,255,131,262,133,50.8,220,148,118,86,16,25,171,412,7,311,55.6,22,2,138,203,25,0,730,0,0,,0,,DF,0,0,0,0,0,0,0,1,0
159,302,Crystal Palace,Chris Richards,161646.0,47,3429,37,10,1,1,1,0,19,6,31.6,10.4,0,1312,82.6,9,0,79,966,4052,8,13,8,4,1,25.0,75,46,39,31,5,18,42,188,0,89,55.6,4,0,21,11,3,0,131,0,0,,0,,DF,0,0,0,0,0,0,0,0,0
160,100,Crystal Palace,Cheick Doucouré,57946.0,58,4140,49,9,0,3,0,0,49,9,18.4,23.7,0,1579,84.3,37,1,208,1170,5495,29,48,35,39,27,69.2,127,71,61,54,12,15,87,70,1,40,48.2,13,1,55,21,0,0,325,0,0,,0,,MF,0,0,0,0,0,0,0,0,0
161,369,Crystal Palace,Matt Turner,384580.0,17,1530,17,0,0,0,0,0,0,0,,,0,398,68.9,0,0,0,319,1984,0,1,0,0,0,,0,0,0,0,0,0,0,8,4,4,100.0,2,0,0,3,0,0,11,28,52,67.5,2,11.8,GK,0,0,0,0,0,0,0,0,0
162,237,Crystal Palace,Remi Matthews,29486.0,1,4,0,1,0,0,0,0,0,0,,,0,0,0.0,0,0,0,2,18,0,0,0,0,0,,0,0,0,0,0,0,0,1,0,1,100.0,0,0,0,0,0,0,0,1,0,0.0,0,0.0,GK,0,0,0,0,0,0,0,0,0
163,300,Crystal Palace,Chadi Riad,128163.0,1,90,1,0,0,0,0,0,0,0,,,0,70,85.4,0,0,7,58,318,2,1,0,0,0,,5,2,2,2,1,0,2,0,0,2,33.3,0,0,1,0,0,0,4,0,0,,0,,DF,0,0,0,0,0,0,0,0,0
164,88,Crystal Palace,Justin Devenny,68206.0,10,267,2,8,1,0,1,0,5,2,40.0,21.0,1,81,70.4,5,1,8,68,376,3,7,2,2,1,50.0,10,7,6,3,1,0,0,5,0,1,16.7,0,0,2,0,1,0,12,0,0,,0,,MF,0,0,0,0,0,0,0,0,0
165,205,Crystal Palace,Caleb Kporha,8402.0,2,13,0,2,0,0,0,0,0,0,,,0,5,71.4,0,1,0,4,46,1,0,2,0,0,,2,1,2,0,0,0,0,1,0,0,0.0,0,0,0,0,0,0,1,0,0,,0,,DF,0,0,0,0,0,0,0,0,0
166,289,Everton,Jordan Pickford,1009629.0,308,27672,308,0,0,1,0,0,1,0,0.0,13.5,0,6050,59.9,17,0,8,5595,36881,1,7,1,2,2,100.0,3,1,3,0,0,0,17,142,29,69,90.8,23,0,6,49,0,1,228,449,962,69.9,83,26.9,GK,0,0,0,0,0,0,0,0,0
167,286,Everton,Nathan Patterson,68373.0,45,2410,23,22,0,2,0,0,13,1,7.7,18.9,0,939,73.4,16,12,69,678,3377,37,44,16,49,24,49.0,86,49,54,26,6,7,24,81,0,18,40.9,7,0,32,19,2,0,146,0,0,,0,,DF,0,0,0,0,0,0,0,0,0
168,192,Everton,Michael Keane,147668.0,249,20903,229,20,15,10,15,0,147,46,29.9,11.6,0,6747,80.7,39,1,494,5337,26883,61,54,25,41,31,75.6,203,148,133,61,9,156,348,963,8,755,62.1,27,1,136,55,6,3,811,0,0,,0,,DF,0,0,0,0,0,0,0,0,0
169,353,Everton,James Tarkowski,228541.0,292,25020,277,15,9,7,9,0,177,45,25.4,9.3,0,7469,73.8,98,8,714,5528,26226,50,132,58,93,78,83.9,476,300,345,120,11,413,389,1544,20,1153,71.1,62,0,285,206,21,1,1207,0,0,,0,,DF,0,0,0,0,0,0,0,0,0
170,242,Everton,Dwight McNeil,146072.0,217,17635,200,17,20,29,20,0,279,81,29.0,21.9,19,4899,68.2,326,131,586,5479,40158,603,366,329,661,365,55.2,326,202,141,126,59,42,168,211,3,113,42.6,17,0,117,192,10,0,1190,0,0,,0,,MF,0,0,0,0,0,0,0,0,0
171,229,Everton,Orel Mangala,215049.0,66,4374,53,13,3,1,3,0,35,10,28.6,20.8,0,1418,85.9,17,1,122,1061,5413,33,40,39,88,43,48.9,71,41,35,31,5,16,70,71,1,26,56.5,11,0,69,61,2,0,211,0,0,,0,,MF,0,0,0,0,0,0,0,0,0
172,58,Everton,Dominic Calvert-Lewin,293882.0,235,15703,179,56,57,15,52,5,447,183,40.9,13.2,1,2125,61.7,110,12,236,2860,15705,235,563,216,265,119,44.9,89,55,15,34,40,21,48,197,1,953,47.8,29,0,272,235,127,0,382,0,0,,0,,FW,0,0,0,0,0,0,0,0,0
173,265,Everton,Iliman Ndiaye,306834.0,23,1775,20,3,5,0,4,1,22,9,40.9,16.7,0,434,81.6,14,5,36,456,3803,67,41,35,119,54,45.4,42,21,17,13,12,4,16,18,1,4,25.0,3,0,15,36,5,0,138,0,0,,0,,MF,0,0,0,0,0,0,0,0,0
174,154,Everton,Jack Harrison,167327.0,154,11405,137,17,24,19,24,0,176,62,35.2,16.8,5,2755,64.2,196,53,377,3534,21372,420,368,257,423,184,43.5,216,126,67,83,66,10,75,109,2,63,27.5,8,0,122,128,23,0,665,0,0,,0,,MF,0,0,0,0,0,0,0,0,0
175,378,Everton,João Virgínia,41473.0,1,48,0,1,0,0,0,0,0,0,,,0,8,50.0,0,0,0,9,62,0,0,0,0,0,,0,0,0,0,0,0,0,0,0,0,,0,0,0,0,0,0,0,0,3,100.0,0,0.0,GK,0,0,0,0,0,0,0,0,0
176,38,Everton,Beto,156300.0,44,1268,10,34,4,0,4,0,54,16,29.6,14.0,0,127,57.7,11,0,16,237,1389,19,63,28,51,24,47.1,19,8,2,8,9,0,1,17,0,68,45.0,3,0,33,27,15,0,43,0,0,,0,,FW,0,0,0,0,0,0,0,0,0
177,273,Everton,Jake O'Brien,293315.0,5,221,2,3,0,0,0,0,0,0,,,0,78,77.2,1,1,5,57,253,1,1,0,5,1,20.0,7,6,6,1,0,1,1,20,0,3,60.0,2,0,2,0,0,0,7,0,0,,0,,DF,0,0,0,0,0,0,0,0,0
178,99,Everton,Abdoulaye Doucouré,105770.0,265,21637,247,18,33,21,33,0,313,101,32.3,17.0,0,8430,80.7,229,9,988,7234,34845,373,360,246,350,211,60.3,448,274,183,201,64,52,242,255,7,266,47.8,57,1,313,101,48,2,1608,0,0,,0,,FW,0,0,0,0,0,0,0,0,0
179,64,Everton,Youssef Chermiti,74404.0,18,208,1,17,0,0,0,0,7,2,28.6,14.6,0,35,60.3,4,0,5,55,320,5,14,6,11,3,27.3,3,2,2,1,0,1,1,2,0,15,44.1,3,0,11,4,6,0,9,0,0,,0,,FW,0,0,0,0,0,0,0,0,0
180,397,Everton,Ashley Young,724325.0,472,36459,409,63,49,74,41,5,81,196,22.2,22.7,12,5909,73.7,150,64,643,4485,22598,299,103,66,176,86,48.9,285,183,164,95,26,41,215,382,6,98,47.8,92,4,502,197,9,2,768,0,0,,0,,DF,0,0,0,0,2,0,0,0,1
181,263,Everton,Vitaliy Mykolenko,67842.0,95,7914,90,5,3,0,3,0,55,10,18.2,19.6,0,2700,73.9,53,36,251,1896,8072,72,92,28,76,36,47.4,190,110,119,57,14,36,122,311,1,93,48.9,7,0,82,56,1,0,408,0,0,,0,,DF,0,0,0,0,0,0,0,0,0
182,49,Everton,Armando Broja,534073.0,71,2975,31,40,8,1,8,0,68,26,38.2,12.7,0,406,66.2,17,0,43,594,4113,85,110,85,133,61,45.9,21,7,3,12,6,3,4,18,0,116,34.7,3,0,44,46,24,0,117,0,0,,0,,FW,0,0,0,0,0,0,0,0,0
183,71,Everton,Séamus Coleman,267195.0,367,28871,325,42,22,24,22,0,74,83,37.8,17.4,0,4819,75.2,78,43,482,3829,20680,244,188,105,275,165,60.0,254,218,144,79,31,57,163,366,10,141,54.7,39,2,226,139,12,3,798,0,0,,0,,DF,0,0,0,0,1,0,0,0,0
184,10,Everton,Carlos Alcaraz,244985.0,19,1039,13,6,4,2,4,0,25,11,44.0,19.6,0,235,77.6,6,1,34,270,1404,24,30,24,30,13,43.3,10,5,2,7,1,5,2,11,0,8,22.9,3,0,17,17,2,0,55,0,0,,0,,MF,0,0,0,0,0,0,0,0,0
185,131,Everton,Idrissa Gueye,170355.0,213,17453,206,7,7,8,7,0,127,37,26.0,24.2,2,5266,84.1,73,9,610,4112,20535,137,140,122,141,82,58.2,501,429,251,195,55,40,324,162,5,118,52.7,53,2,332,251,1,0,1083,0,0,,0,,MF,0,0,0,0,0,0,0,0,0
186,218,Everton,Jesper Lindstrøm,145847.0,18,799,9,9,0,0,0,0,25,8,32.0,21.4,6,193,66.6,16,6,12,200,1161,24,21,16,31,7,22.6,32,18,19,12,1,3,10,10,0,4,28.6,1,0,7,6,1,0,43,0,0,,0,,FW,0,0,0,0,0,0,0,0,0
187,31,Everton,Asmir Begović,243493.0,256,22729,251,5,1,0,1,0,0,1,,,0,1203,62.1,1,0,0,846,4556,0,3,0,0,0,,0,0,0,0,0,0,3,35,14,25,89.3,12,0,2,10,0,0,45,360,756,68.1,64,25.5,GK,0,0,0,0,0,0,0,0,1
188,48,Everton,Jarrad Branthwaite,567491.0,60,4982,54,6,4,0,4,0,21,7,33.3,11.7,0,1823,81.0,5,0,120,1280,5870,9,32,5,15,9,60.0,100,51,67,31,2,50,69,266,4,130,59.9,11,1,34,33,6,0,265,0,0,,0,,DF,0,0,0,0,0,0,0,0,0
189,133,Everton,James Garner,109870.0,60,4084,43,17,1,3,1,0,52,13,25.0,22.4,7,1297,75.6,52,9,136,1017,5290,45,46,14,61,29,47.5,109,65,42,50,17,17,61,70,1,36,49.3,11,0,59,56,4,0,257,0,0,,0,,MF,0,0,0,0,0,0,0,0,0
190,171,Everton,Tim Iroegbunam,141609.0,18,639,6,12,0,0,0,0,5,0,0.0,18.6,0,143,79.0,2,0,15,137,801,9,8,12,19,8,42.1,30,18,15,9,6,0,12,9,1,9,90.0,3,0,21,9,0,0,57,0,0,,0,,MF,0,0,0,0,0,0,0,0,0
191,212,Fulham,Bernd Leno,181356.0,198,17706,197,1,0,1,0,0,0,0,,,0,5669,78.4,2,0,4,4412,21039,0,3,2,1,1,100.0,4,3,4,0,0,0,4,75,16,53,91.4,10,1,3,22,0,2,279,270,645,73.5,48,24.4,GK,0,0,0,0,0,0,0,0,0
192,355,Fulham,Kenny Tete,65254.0,82,6179,72,10,2,8,2,0,42,9,21.4,16.8,0,2740,75.3,49,47,270,2131,11223,166,67,45,92,47,51.1,199,120,107,63,29,31,123,201,1,82,56.2,16,0,109,96,2,0,320,0,0,,0,,DF,0,0,0,0,0,0,0,0,0
193,30,Fulham,Calvin Bassey,274554.0,51,4283,47,4,1,0,1,0,15,4,26.7,15.1,0,2712,87.7,3,0,134,2202,10950,33,33,13,32,18,56.3,79,48,51,27,1,25,41,154,9,57,53.3,11,1,28,32,4,0,277,0,0,,0,,DF,0,0,0,0,0,0,0,0,0
194,13,Fulham,Joachim Andersen,225427.0,150,13166,147,3,4,7,4,0,74,26,35.1,14.7,4,7708,80.2,61,13,507,6325,32752,78,39,22,55,38,69.1,175,110,114,55,6,71,163,745,6,364,65.2,29,2,142,73,5,3,768,0,0,,0,,DF,0,0,0,0,0,0,0,0,0
195,297,Fulham,Harrison Reed,51882.0,120,7046,82,38,3,8,3,0,43,15,30.2,22.8,1,2931,81.8,71,16,288,2132,9107,65,85,50,63,30,47.6,141,87,56,68,17,32,86,93,1,59,43.1,18,0,118,58,4,1,420,0,0,,0,,MF,0,0,0,0,0,0,0,0,0
196,179,Fulham,Raúl Jiménez,341987.0,182,13492,157,25,55,20,45,10,419,140,33.4,15.2,1,2921,71.1,163,17,342,3315,17705,263,441,280,340,167,49.1,128,75,28,69,31,15,75,144,4,348,42.9,22,3,187,200,111,1,443,0,0,,0,,FW,0,0,0,0,0,0,0,0,0
197,391,Fulham,Harry Wilson,252896.0,114,5205,57,57,18,10,18,0,142,46,32.4,19.0,17,1489,74.6,65,9,205,1650,9440,104,103,52,123,53,43.1,75,46,32,30,13,8,32,46,2,19,25.3,11,0,54,128,8,0,254,0,0,,0,,FW,0,0,0,0,0,0,0,0,0
198,260,Fulham,Rodrigo Muniz,253001.0,48,2247,23,25,12,2,12,0,97,36,37.1,11.8,0,198,62.3,24,0,37,358,1232,12,80,50,33,9,27.3,12,5,2,7,3,4,10,27,0,115,42.1,2,0,32,53,5,0,43,0,0,,0,,FW,0,0,0,0,0,0,0,0,0
199,56,Fulham,Tom Cairney,123534.0,136,6723,65,71,7,6,7,0,78,22,25.6,21.4,1,3972,88.1,102,22,521,3192,16866,163,105,108,144,98,68.1,94,48,26,48,20,13,32,26,2,38,48.1,10,1,52,117,1,1,393,0,0,,0,,MF,0,0,0,0,0,0,0,0,0
200,364,Fulham,Adama Traoré,656918.0,233,11877,113,120,14,21,14,0,196,62,31.6,18.2,0,2338,67.0,195,91,307,3402,34822,811,378,251,832,579,69.6,113,95,48,38,27,6,40,57,4,222,49.7,14,0,174,316,37,0,452,0,0,,0,,FW,0,0,0,0,0,0,0,0,0
201,377,Fulham,Carlos Vinícius,137120.0,51,1736,16,35,8,2,8,0,38,22,57.9,11.9,0,189,63.0,14,1,20,299,1390,14,76,37,29,11,37.9,10,4,2,4,4,0,2,16,0,45,33.3,7,0,36,20,14,0,38,0,0,,0,,FW,0,0,0,0,0,0,0,0,0
202,78,Fulham,Jorge Cuenca,49647.0,4,93,1,3,0,0,0,0,0,0,,,0,30,81.1,0,0,3,13,47,0,0,0,0,0,,1,1,1,0,0,0,1,13,0,3,75.0,0,0,0,1,0,0,3,0,0,,0,,DF,0,0,0,0,0,0,0,0,0
203,36,Fulham,Sander Berge,184703.0,82,6205,71,11,3,4,2,1,40,6,15.0,16.9,0,2605,86.1,56,5,312,2094,12770,133,64,52,103,60,58.3,148,89,60,73,15,29,54,116,2,133,59.9,16,1,87,30,5,0,399,0,0,,0,,MF,0,0,0,0,0,0,0,0,0
204,173,Fulham,Alex Iwobi,429916.0,276,18705,216,60,29,33,29,0,323,129,37.8,18.1,0,6103,77.1,312,63,1043,6586,41766,700,392,257,568,321,56.5,267,161,120,122,25,11,125,132,5,46,24.1,8,0,113,95,24,0,1014,0,0,,0,,FW,0,0,0,0,0,0,0,0,0
205,287,Fulham,Andreas Pereira,299612.0,135,8741,107,28,11,18,10,1,183,62,33.9,22.2,28,2948,70.5,222,30,456,2746,14528,181,170,159,155,69,44.5,88,45,24,35,29,8,33,41,2,44,26.3,30,0,120,94,10,0,414,0,0,,0,,MF,0,0,0,0,0,0,0,0,0
206,266,Fulham,Reiss Nelson,267142.0,61,1837,15,46,5,3,5,0,43,18,41.9,16.7,1,744,84.0,38,9,78,796,5462,110,48,37,90,40,44.4,39,24,16,11,12,3,13,16,0,3,13.6,3,0,30,31,5,0,114,0,0,,0,,FW,0,0,0,0,0,0,0,0,0
207,220,Fulham,Saša Lukić,82216.0,54,2944,34,20,1,2,1,0,27,4,14.8,19.9,0,1328,87.7,21,3,113,1028,5509,48,25,15,23,14,60.9,83,42,23,47,13,12,39,40,1,29,53.7,13,0,80,37,0,0,166,0,0,,0,,MF,0,0,0,0,0,0,0,0,0
208,62,Fulham,Timothy Castagne,107782.0,138,11173,122,16,6,10,6,0,52,17,32.7,12.1,0,5625,81.4,83,35,375,3880,16280,183,112,53,111,50,45.0,277,142,155,92,30,38,150,330,3,188,48.8,9,0,87,49,12,0,582,0,0,,0,,DF,0,0,0,0,0,0,0,0,0
209,390,Fulham,Willian,464711.0,317,20521,233,84,47,45,40,7,330,178,36.7,19.8,32,5381,77.8,341,42,789,5349,39400,680,273,169,403,250,62.0,146,103,52,67,27,2,77,58,3,56,33.3,26,1,153,210,31,0,642,0,0,,0,,FW,0,0,0,0,0,0,0,0,2
210,197,Fulham,Josh King,8167.0,204,14447,167,37,53,17,40,13,258,115,36.8,15.6,0,1872,69.8,137,18,258,2718,19580,325,370,282,450,213,47.3,105,108,31,51,23,14,50,69,1,319,45.1,13,0,277,193,35,0,478,0,0,,0,,FW,0,0,0,0,0,0,0,0,0
211,331,Fulham,Ryan Sessegnon,293746.0,75,4508,52,23,4,8,4,0,53,18,34.0,14.7,0,1308,71.2,55,9,118,1231,7339,124,123,76,104,47,45.2,69,48,33,26,10,6,36,105,2,45,39.1,6,0,60,37,29,0,245,0,0,,0,,FW,0,0,0,0,0,0,0,0,0
212,94,Fulham,Issa Diop,61562.0,155,12585,138,17,7,2,7,0,45,19,42.2,10.5,0,5338,84.9,15,0,320,4246,23911,52,51,16,30,21,70.0,204,120,136,65,3,135,197,647,9,269,60.9,23,1,102,55,9,3,646,0,0,,0,,DF,0,0,0,0,0,0,0,0,0
213,341,Fulham,Emile Smith Rowe,531985.0,101,5346,60,41,16,11,16,0,96,38,39.6,15.8,0,2243,86.5,85,3,274,1989,11072,176,112,53,123,62,50.4,59,31,22,24,13,4,37,35,1,19,28.4,2,0,26,55,11,0,253,0,0,,0,,FW,0,0,0,0,0,0,0,0,0
214,306,Fulham,Antonee Robinson,386272.0,123,10585,119,4,0,16,0,0,42,13,31.0,21.9,0,4970,73.6,115,97,425,4167,26155,391,158,71,285,153,53.7,261,163,167,76,18,29,214,343,6,145,61.2,22,1,107,67,11,2,693,0,0,,0,,DF,0,0,0,0,0,0,0,0,0
215,140,Liverpool,Joe Gomez,629922.0,149,10098,108,41,0,5,0,0,40,7,17.5,20.3,0,7185,84.9,58,21,624,5821,28159,156,86,41,91,62,68.1,200,142,109,73,18,45,145,319,9,242,58.2,26,0,111,63,2,0,691,0,0,,0,,DF,0,0,0,0,0,0,0,1,1
216,109,Liverpool,Wataru Endō,625776.0,38,1805,20,18,1,0,1,0,10,3,30.0,22.0,0,1211,88.3,17,2,108,927,3609,10,30,23,17,11,64.7,52,31,12,34,6,2,22,33,3,31,51.7,10,0,56,29,0,0,115,0,0,,0,,MF,0,0,0,0,0,0,0,0,0
217,372,Liverpool,Virgil van Dijk,1701881.0,286,25393,285,1,23,8,23,0,238,88,32.8,13.0,5,16471,90.0,56,0,1068,12803,54481,130,37,17,41,30,73.2,197,147,117,68,12,119,321,1022,11,935,75.8,20,3,146,119,7,0,1188,0,0,,0,,DF,0,0,0,1,3,0,0,1,1
218,202,Liverpool,Ibrahima Konaté,466553.0,67,5425,60,7,1,2,1,0,37,7,18.9,10.9,0,3865,88.3,16,0,293,3109,14973,54,28,11,29,19,65.5,110,71,70,37,3,34,70,211,7,203,72.5,16,1,78,40,1,1,325,0,0,,0,,DF,0,0,0,0,0,0,0,0,0
219,92,Liverpool,Luis Díaz,821993.0,88,5922,70,18,24,12,24,0,203,72,35.5,15.2,0,2074,83.9,124,11,262,2288,16374,288,157,164,323,158,48.9,77,52,18,39,20,0,16,16,1,56,34.4,7,0,119,98,32,0,285,0,0,,0,,FW,0,0,0,0,0,0,0,0,0
220,352,Liverpool,Dominik Szoboszlai,715031.0,53,3472,40,13,6,4,6,0,100,27,27.0,21.6,8,1964,83.5,86,10,232,1544,8121,123,48,35,79,37,46.8,48,28,18,18,12,4,22,24,1,28,46.7,7,0,55,41,4,0,251,0,0,,0,,MF,0,0,0,0,0,0,0,0,0
221,272,Liverpool,Darwin Núñez,1365029.0,82,4546,48,34,24,13,24,0,216,91,42.1,15.0,0,705,67.4,67,1,100,990,6283,138,107,69,103,41,39.8,49,31,13,17,19,6,7,30,0,81,38.2,16,1,73,44,58,0,130,0,0,,0,,FW,0,0,0,0,0,0,0,0,0
222,222,Liverpool,Alexis Mac Allister,1042455.0,152,10645,120,32,22,13,13,9,234,56,23.9,22.1,16,5367,84.4,175,7,691,4357,19380,182,171,134,208,111,53.4,329,188,106,176,47,23,93,77,3,101,49.3,25,1,180,187,5,1,732,0,0,,0,,MF,0,0,0,0,0,1,0,0,0
223,315,Liverpool,Mohamed Salah,3108363.0,285,23173,261,24,176,82,146,30,967,409,41.7,15.6,17,6469,75.3,488,41,956,8180,46779,878,768,626,857,413,48.2,134,69,23,51,60,3,37,38,2,81,23.4,10,0,142,208,135,0,745,0,0,,0,,FW,0,3,0,1,3,0,0,1,1
224,65,Liverpool,Federico Chiesa,1253817.0,3,28,0,3,0,0,0,0,2,1,50.0,21.8,0,15,83.3,0,0,1,18,67,2,1,3,1,0,0.0,0,0,0,0,0,0,0,0,0,0,,0,0,1,1,0,0,3,0,0,,0,,FW,0,0,0,0,0,0,1,0,0
225,183,Liverpool,Curtis Jones,636811.0,104,5254,60,44,10,7,10,0,98,38,38.8,18.5,0,3384,91.1,58,4,356,2958,15073,144,93,141,142,84,59.2,113,61,31,54,28,6,40,38,1,40,44.0,8,1,70,78,9,0,319,0,0,,0,,FW,0,0,0,0,0,0,0,0,1
226,130,Liverpool,Cody Gakpo,940584.0,78,4340,48,30,23,10,23,0,146,52,35.6,15.2,0,1063,76.3,76,12,170,1333,7921,115,112,81,143,78,54.5,74,43,16,36,22,6,24,21,1,70,52.2,5,0,68,87,20,0,187,0,0,,0,,FW,0,0,0,0,0,0,0,0,0
227,108,Liverpool,Harvey Elliott,660648.0,85,3421,33,52,4,9,4,0,98,30,30.6,19.8,2,1942,81.7,76,19,321,1738,9227,112,52,33,75,31,41.3,60,37,17,28,15,2,25,18,0,15,32.6,4,0,23,44,4,0,238,0,0,,0,,MF,0,0,0,0,0,0,0,0,0
228,185,Liverpool,Diogo Jota,652744.0,177,11020,128,49,62,19,62,0,364,148,40.7,13.1,0,2835,73.7,153,12,351,3380,23869,496,355,208,465,208,44.7,159,87,57,71,31,4,47,50,2,157,32.6,26,1,206,221,21,0,546,0,0,,0,,FW,0,0,0,0,0,0,0,0,0
229,368,Liverpool,Kostas Tsimikas,227461.0,58,2677,29,29,0,10,0,0,20,5,25.0,17.7,0,1624,76.3,65,15,143,1255,6818,105,34,18,52,18,34.6,73,41,39,19,15,6,32,59,2,26,41.9,7,0,50,23,1,0,171,0,0,,0,,DF,0,0,0,0,0,0,0,0,0
230,305,Liverpool,Andrew Robertson,576547.0,296,24285,273,23,11,59,11,0,125,40,29.6,17.0,0,14716,80.6,398,125,1455,11840,57552,749,234,89,251,124,49.4,347,249,165,133,49,41,234,445,8,166,51.9,34,2,159,82,31,0,1336,0,0,,0,,DF,0,0,0,0,2,0,0,1,1
231,142,Liverpool,Ryan Gravenberch,530601.0,48,3016,34,14,1,2,1,0,35,11,31.4,21.8,0,1518,87.4,35,1,195,1324,7075,82,75,25,92,44,47.8,64,31,17,31,16,8,50,41,0,27,58.7,4,0,51,46,0,0,190,0,0,,0,,MF,0,0,0,0,0,0,0,0,0
232,176,Liverpool,Vítězslav Jaroš,222531.0,1,12,0,1,0,0,0,0,0,0,,,0,6,75.0,0,0,0,7,29,0,0,0,0,0,,0,0,0,0,0,0,0,0,0,0,,0,0,0,0,0,0,0,0,1,100.0,1,0.0,GK,0,0,0,0,0,0,0,0,0
233,193,Liverpool,Caoimhín Kelleher,693380.0,23,2070,23,0,0,0,0,0,0,0,,,0,737,80.4,1,0,1,720,3003,0,1,0,1,1,100.0,1,1,1,0,0,0,0,7,3,6,100.0,0,0,0,2,0,0,35,27,67,71.3,7,30.4,GK,0,0,0,0,0,0,0,1,0
234,11,Liverpool,Trent Alexander-Arnold,1197524.0,247,20004,227,20,16,64,16,0,308,76,24.7,24.1,61,13909,73.7,504,180,1611,11636,49528,487,256,120,329,173,52.6,393,257,227,117,49,40,299,412,14,82,37.6,30,0,122,56,34,0,1529,0,0,,0,,DF,0,0,0,0,3,0,0,1,1
235,291,Liverpool,Jarell Quansah,627927.0,22,1418,15,7,2,0,2,0,6,4,66.7,10.6,0,1189,88.6,3,0,73,1018,5675,15,6,4,9,5,55.6,34,29,24,9,1,11,20,49,1,50,64.1,2,0,15,3,0,0,77,0,0,,0,,DF,0,0,0,0,0,0,0,0,0
236,255,Liverpool,Tyler Morton,151138.0,2,66,1,1,0,0,0,0,0,0,,,0,30,85.7,0,0,4,24,54,0,2,0,0,0,,0,0,0,0,0,0,3,0,0,2,40.0,1,0,1,0,0,0,5,0,0,,0,,MF,0,0,0,0,0,0,0,0,0
237,47,Liverpool,Conor Bradley,1104224.0,19,994,11,8,1,3,1,0,18,7,38.9,16.2,0,588,81.1,15,3,40,497,2865,46,20,11,34,16,47.1,37,27,15,14,8,1,12,27,0,13,68.4,3,0,12,16,2,1,67,0,0,,0,,DF,0,0,0,0,0,0,0,0,0
238,333,Luton Town,James Shea,29889.0,1,15,0,1,0,0,0,0,0,0,,,0,6,66.7,0,0,0,3,29,0,0,0,0,0,,0,0,0,0,0,0,0,2,0,0,,0,0,0,0,0,0,0,0,2,100.0,0,0.0,GK,0,0,0,0,0,0,0,0,0
239,32,Luton Town,Amari'i Bell,42455.0,21,1720,21,0,0,0,0,0,2,2,100.0,18.8,0,645,77.2,8,0,76,584,3640,32,18,5,27,10,37.0,50,33,30,19,1,15,25,60,1,20,47.6,0,0,22,16,0,0,98,0,0,,0,,DF,0,0,0,0,0,0,0,0,0
240,219,Luton Town,Tom Lockyer,175820.0,14,1169,14,0,1,1,1,0,7,1,14.3,8.5,0,301,71.3,3,0,37,269,1504,6,6,2,6,4,66.7,25,16,17,6,2,13,23,68,0,31,66.0,4,0,15,10,0,1,89,0,0,,0,,DF,0,0,0,0,0,0,0,0,0
241,187,Luton Town,Mads Juel Andersen,23193.0,8,400,4,4,1,0,1,0,3,1,33.3,9.2,0,87,74.4,0,0,7,58,301,0,6,0,1,0,0.0,6,5,4,2,0,6,8,29,0,11,68.8,1,0,6,2,0,0,25,0,0,,0,,DF,0,0,0,0,0,0,0,0,0
242,256,Luton Town,Victor Moses,461308.0,220,13380,151,69,20,18,19,1,80,99,32.5,16.8,0,825,72.7,21,10,66,701,4216,96,21,22,56,32,57.1,37,71,21,13,3,4,56,39,2,28,40.6,16,0,166,60,12,0,143,0,0,,0,,DF,0,0,0,0,0,0,0,0,1
243,254,Luton Town,Carlton Morris,128425.0,38,2862,32,6,11,4,6,5,66,26,39.4,13.5,0,484,64.4,22,0,56,548,2855,37,54,53,55,31,56.4,15,8,4,6,5,5,1,53,0,133,44.0,4,0,49,43,9,0,71,0,0,,0,,FW,0,0,0,0,0,0,0,0,0
244,3,Luton Town,Elijah Adebayo,259144.0,27,1419,16,11,10,0,10,0,31,14,45.2,9.6,0,144,70.6,14,0,23,265,1516,16,62,34,67,18,26.9,4,1,1,0,3,2,6,25,0,43,50.0,1,0,27,16,13,0,34,0,0,,0,,FW,0,0,0,0,0,0,0,0,0
245,264,Luton Town,Marvelous Nakamba,53699.0,71,4619,51,20,0,0,0,0,14,2,14.3,27.4,0,1586,84.0,23,1,126,1175,5515,17,57,26,49,35,71.4,149,85,80,59,10,26,79,75,6,42,43.3,18,0,74,52,0,0,385,0,0,,0,,MF,0,0,0,0,0,0,0,0,0
246,67,Luton Town,Tahith Chong,255373.0,38,2057,20,18,4,0,4,0,34,8,23.5,16.4,0,449,77.5,10,8,77,553,3774,61,62,42,75,27,36.0,36,22,19,13,4,6,8,12,1,9,27.3,4,0,23,67,4,0,106,0,0,,0,,FW,0,0,0,0,0,0,0,0,0
247,244,Luton Town,Teden Mengi,115093.0,30,2469,28,2,1,0,1,0,11,4,36.4,17.6,0,728,77.6,6,0,54,596,3222,15,22,5,11,7,63.6,54,22,33,20,1,27,57,140,1,60,58.3,3,0,35,7,1,0,126,0,0,,0,,DF,0,0,0,0,0,0,0,0,0
248,54,Luton Town,Reece Burke,33540.0,27,2075,24,3,0,4,0,0,13,3,23.1,14.3,0,547,76.1,13,3,67,455,2080,11,18,5,8,4,50.0,37,23,17,14,6,18,18,78,1,46,59.0,5,0,23,12,1,0,62,0,0,,0,,DF,0,0,0,0,0,0,0,0,0
249,69,Luton Town,Jordan Clark,46993.0,23,1304,14,9,1,1,1,0,17,4,23.5,16.9,0,369,71.9,12,4,51,385,2122,21,25,21,42,12,28.6,30,17,14,11,5,3,11,15,1,18,54.5,4,0,14,26,5,0,59,0,0,,0,,MF,0,0,0,0,0,0,0,0,0
250,51,Luton Town,Jacob Brown,43314.0,19,1019,12,7,2,0,2,0,26,6,23.1,14.1,0,136,55.1,8,1,19,200,1112,25,24,25,25,6,24.0,19,12,7,7,5,1,8,22,0,43,44.3,4,0,19,19,6,0,56,0,0,,0,,MF,0,0,0,0,0,0,0,0,0
251,206,Luton Town,Tim Krul,139141.0,222,19912,221,1,0,1,0,0,0,0,,,0,1843,69.4,1,0,2,1563,8146,0,2,1,1,0,0.0,1,1,1,0,0,0,1,23,5,21,84.0,10,0,1,6,0,2,49,371,712,66.6,51,23.1,GK,0,0,0,0,0,0,0,0,0
252,191,Luton Town,Thomas Kaminski,104555.0,38,3405,38,0,0,0,0,0,0,0,,,0,869,59.2,1,0,1,805,4663,0,1,0,2,2,100.0,2,1,2,0,0,0,0,14,2,4,100.0,3,0,0,3,0,0,63,85,140,63.3,2,5.3,GK,0,0,0,0,0,0,0,0,0
253,27,Luton Town,Shandon Baptiste,38283.0,55,1757,15,40,2,2,2,0,18,7,38.9,17.6,0,570,82.3,23,5,79,556,2644,25,45,20,52,31,59.6,33,17,17,12,4,3,21,28,0,16,34.0,6,2,20,23,2,0,124,0,0,,0,,MF,0,0,0,0,0,0,0,0,0
254,155,Luton Town,Daiki Hashioka,103659.0,10,595,6,4,0,0,0,0,2,0,0.0,18.1,0,227,80.5,3,3,21,184,799,3,8,6,2,1,50.0,11,5,6,4,1,7,8,20,0,12,50.0,0,0,10,6,0,2,26,0,0,,0,,DF,0,0,0,0,0,0,0,0,0
255,101,Luton Town,Alfie Doughty,101462.0,37,2925,34,3,2,8,2,0,26,8,30.8,16.3,2,1121,66.5,70,24,106,897,5522,94,51,13,67,33,49.3,63,40,29,18,16,9,31,43,4,23,65.7,5,0,31,9,13,0,185,0,0,,0,,DF,0,0,0,0,0,0,0,0,0
256,91,Manchester City,Rúben Dias,421057.0,131,10979,122,9,3,4,3,0,75,22,29.3,13.1,0,10202,93.3,33,4,642,8215,45573,138,33,19,24,16,66.7,119,70,51,56,12,76,120,324,2,220,57.9,15,0,96,55,3,3,490,0,0,,0,,DF,0,0,0,1,2,0,0,1,4
257,349,Manchester City,John Stones,726263.0,246,18726,211,35,11,2,11,0,76,27,32.9,12.6,0,8855,93.4,29,1,614,7140,42616,195,32,21,53,40,75.5,103,83,58,33,12,52,135,295,6,275,70.0,12,1,73,48,4,1,561,0,0,,0,,DF,0,0,0,0,2,0,0,1,6
258,9,Manchester City,Nathan Aké,503410.0,234,18335,206,28,18,7,18,0,115,42,32.2,10.4,0,9213,88.9,45,5,679,7296,36505,130,71,26,38,25,65.8,237,154,146,78,13,108,181,807,3,406,57.0,21,1,138,94,8,0,810,0,0,,0,,DF,0,0,0,0,0,0,0,1,4
259,232,Manchester City,Omar Marmoush,456271.0,1,73,1,0,0,0,0,0,2,0,0.0,23.7,1,11,84.6,1,1,1,17,100,2,4,0,2,0,0.0,3,2,2,0,1,0,0,0,0,0,,0,0,0,2,3,0,3,0,0,,0,,FW,0,0,0,0,0,0,0,0,0
260,204,Manchester City,Mateo Kovačić,650476.0,191,11894,131,60,9,14,9,0,170,32,18.8,21.6,1,9435,90.3,170,4,1034,7897,44427,339,155,178,357,266,74.5,319,199,128,154,37,10,93,94,5,55,47.4,36,0,132,163,0,0,794,0,0,,0,,MF,0,0,0,0,0,0,0,4,1
261,153,Manchester City,Erling Haaland,4294330.0,89,7355,85,4,81,15,66,15,318,152,47.8,12.2,2,840,71.7,80,1,98,993,4797,86,128,64,87,33,37.9,16,9,2,7,7,6,9,51,0,129,50.8,8,0,64,67,18,0,102,0,0,,0,,FW,0,2,0,1,2,0,0,1,2
262,144,Manchester City,Jack Grealish,1440946.0,185,12661,137,48,26,29,26,0,243,89,32.9,16.6,3,4646,82.3,323,13,679,5015,41951,833,220,190,462,254,55.0,125,79,44,59,22,23,57,52,5,77,41.6,31,0,139,472,21,0,548,0,0,,0,,FW,0,0,0,0,0,0,0,1,3
263,97,Manchester City,Jérémy Doku,768186.0,44,2384,27,17,6,12,6,0,72,25,34.7,16.8,0,1004,80.8,61,10,93,1282,11236,322,82,67,258,132,51.2,59,34,21,19,19,1,11,7,0,2,16.7,3,0,18,51,9,0,111,0,0,,0,,FW,0,0,0,0,0,0,0,0,0
264,307,Manchester City,Rodri,2311324.0,174,14025,162,12,22,21,21,1,212,66,31.1,19.6,0,13730,91.6,174,10,1384,10594,48483,278,109,124,190,137,72.1,333,198,119,165,49,41,150,218,8,348,70.3,32,1,219,139,11,0,1348,0,0,,0,,MF,1,0,0,0,2,0,1,1,4
265,87,Manchester City,Kevin De Bruyne,2085885.0,276,20677,238,38,70,117,66,4,604,226,33.1,22.0,63,9410,75.5,635,95,1657,8998,46617,740,290,226,432,260,60.2,246,179,55,109,82,12,103,89,6,74,42.5,22,0,209,227,24,0,825,0,0,,0,,FW,0,0,0,2,5,0,0,1,6
266,279,Manchester City,Stefan Ortega,502788.0,20,1625,16,4,0,0,0,0,0,0,,,0,618,84.2,0,0,0,518,2223,0,0,0,0,0,,0,0,0,0,0,0,0,9,1,2,100.0,1,0,1,2,0,0,24,18,58,77.6,7,43.8,GK,0,0,0,0,0,0,0,1,2
267,150,Manchester City,İlkay Gündoğan,1504493.0,209,13961,153,56,44,17,41,3,300,94,31.3,18.0,18,10032,89.1,235,11,1111,7924,39465,401,178,120,222,143,64.4,168,104,50,83,35,17,151,91,1,90,48.9,16,0,99,144,11,0,886,0,0,,0,,MF,0,0,0,0,1,0,0,1,5
268,336,Manchester City,Bernardo Silva,699822.0,255,17948,199,56,41,46,41,0,298,116,38.9,14.7,0,10639,86.2,371,56,1037,9712,58854,922,270,223,512,300,58.6,322,186,95,148,79,22,145,116,6,59,29.9,37,0,180,184,22,0,928,0,0,,0,,FW,0,0,0,0,2,0,0,1,6
269,152,Manchester City,Joško Gvardiol,546231.0,50,4260,47,3,9,1,9,0,65,23,35.4,14.6,0,3124,88.8,36,4,294,2451,12192,119,39,26,74,44,59.5,87,55,35,32,20,25,51,96,7,63,58.3,4,0,30,37,4,0,232,0,0,,0,,DF,0,0,0,0,0,0,0,0,1
270,8,Manchester City,Manuel Akanji,490625.0,78,6415,71,7,2,1,2,0,39,8,20.5,16.7,0,5421,93.4,29,5,389,4173,21935,106,30,17,18,10,55.6,93,63,39,40,14,29,45,155,6,71,44.1,9,1,56,40,0,0,361,0,0,,0,,DF,0,0,0,0,0,0,0,1,2
271,271,Manchester City,Matheus Nunes,412304.0,68,4107,48,20,1,7,1,0,43,14,32.6,17.7,1,1741,81.9,57,15,160,1693,10433,132,79,61,150,75,50.0,103,62,50,37,16,8,31,64,3,39,43.8,6,2,64,82,11,0,229,0,0,,0,,MF,0,0,0,0,0,0,0,0,1
272,105,Manchester City,Ederson,508688.0,265,23540,265,0,0,5,0,0,0,0,,,0,7443,86.6,10,0,12,5815,26477,0,8,1,3,3,100.0,14,9,13,1,0,0,6,91,22,68,90.7,23,1,10,27,0,0,387,210,439,71.0,115,43.4,GK,0,0,3,0,2,0,0,1,6
273,59,Manchester City,Scott Carson,563371.0,146,13028,145,1,0,2,0,0,0,0,,,0,15,93.8,0,0,0,12,54,0,0,0,0,0,,0,0,0,0,0,0,0,0,0,0,,6,1,0,0,0,0,2,232,556,70.7,30,20.7,GK,0,0,0,0,0,0,0,2,0
274,196,Manchester City,Abdukodir Khusanov,74205.0,1,53,1,0,0,0,0,0,1,0,0.0,23.9,0,41,85.4,0,0,2,41,163,0,0,0,1,0,0.0,0,0,0,0,0,1,0,1,1,0,0.0,1,0,1,1,0,0,2,0,0,,0,,DF,0,0,0,0,0,0,0,0,0
275,121,Manchester City,Phil Foden,2600051.0,182,11021,122,60,61,29,61,0,346,146,42.2,16.6,6,5264,83.1,249,33,563,5081,25852,411,242,169,380,208,54.7,116,69,50,40,26,3,58,56,1,61,31.8,6,0,72,191,32,0,470,0,0,,0,,MF,0,0,0,1,1,0,0,1,6
276,43,Manchester City,Oscar Bobb,590312.0,14,302,2,12,1,1,1,0,4,1,25.0,11.1,0,155,87.6,9,1,25,139,671,13,6,6,18,11,61.1,7,3,1,2,4,0,5,1,0,1,33.3,0,0,2,3,0,0,17,0,0,,0,,FW,0,0,0,0,0,0,0,0,1
277,214,Manchester City,Rico Lewis,440953.0,49,3114,34,15,3,2,3,0,19,8,42.1,17.8,0,1967,91.7,32,3,161,1498,7373,75,26,41,37,18,48.6,51,31,24,19,8,9,21,50,2,5,17.2,7,1,27,62,0,0,156,0,0,,0,,DF,0,0,0,0,0,0,0,1,2
278,240,Manchester City,James McAtee,329556.0,39,1913,20,19,4,3,3,1,30,9,30.0,17.8,2,410,69.6,28,3,55,492,3512,61,50,43,96,35,36.5,33,22,9,14,10,0,12,18,0,12,26.7,2,0,18,30,1,0,99,0,0,,0,,MF,0,0,0,0,0,0,0,0,0
279,217,Manchester United,Victor Lindelöf,243920.0,183,14674,160,23,4,5,4,0,31,9,29.0,10.2,0,8498,88.9,33,1,481,6397,36642,93,51,18,29,24,82.8,164,101,96,63,5,88,153,615,7,353,61.1,16,0,121,50,6,2,923,0,0,,0,,DF,0,0,0,0,0,0,0,0,0
280,239,Manchester United,Noussair Mazraoui,856878.0,23,1764,21,2,0,1,0,0,9,2,22.2,20.3,0,1000,85.0,10,3,75,761,3616,24,13,13,34,21,61.8,70,41,33,26,11,4,22,53,0,30,69.8,1,0,24,13,3,0,92,0,0,,0,,DF,0,0,0,0,0,0,0,0,0
281,215,Manchester United,Matthijs de Ligt,1124722.0,21,1540,18,3,1,0,1,0,13,6,46.2,8.2,0,961,91.0,4,0,35,832,3566,4,3,2,2,1,50.0,17,11,10,6,1,14,26,52,0,39,68.4,3,0,14,9,1,0,49,0,0,,0,,DF,0,0,0,0,0,0,0,0,0
282,226,Manchester United,Harry Maguire,815422.0,257,20817,231,26,13,9,13,0,210,61,29.0,12.7,0,10365,84.7,67,2,979,8328,54810,276,97,46,118,91,77.1,242,194,163,71,8,162,380,884,14,743,72.0,59,2,217,170,26,1,1217,0,0,,0,,DF,0,0,0,0,0,0,0,0,0
283,234,Manchester United,Lisandro Martínez,529270.0,57,4430,51,6,3,2,3,0,25,7,28.0,15.6,0,2882,88.7,18,2,223,2356,11937,43,13,14,26,21,80.8,103,58,65,32,6,43,69,183,1,50,50.5,16,0,48,18,0,1,273,0,0,,0,,DF,0,0,0,0,0,1,0,0,0
284,258,Manchester United,Mason Mount,871497.0,151,10531,120,31,28,22,26,2,275,93,33.8,19.8,26,4495,79.4,236,27,662,4100,22035,383,257,167,241,120,49.8,214,103,55,103,56,14,74,56,0,53,27.3,17,0,163,145,14,0,533,0,0,,0,,MF,0,0,0,0,0,0,0,1,0
285,119,Manchester United,Bruno Fernandes,1135384.0,181,15665,178,3,59,47,37,22,477,164,34.4,22.2,53,7927,73.6,493,50,1362,7137,32307,415,249,191,269,131,48.7,314,175,111,135,68,13,122,199,7,90,34.4,36,2,188,206,38,0,946,0,0,,0,,MF,0,0,0,0,1,0,0,0,0
286,166,Manchester United,Rasmus Højlund,1323996.0,48,3247,38,10,12,2,12,0,50,26,52.0,12.3,0,448,76.1,39,1,44,537,2970,52,94,46,59,24,40.7,13,7,2,4,7,1,2,22,0,41,26.6,3,0,29,49,22,0,81,0,0,,0,,FW,0,0,0,0,0,0,0,0,0
287,400,Manchester United,Joshua Zirkzee,2172789.0,23,864,8,15,3,1,3,0,19,8,42.1,13.3,0,179,71.3,11,0,27,196,832,5,21,20,19,6,31.6,10,5,3,5,2,4,4,3,0,17,32.7,1,0,7,7,2,0,32,0,0,,0,,FW,0,0,0,0,0,0,0,1,0
288,110,Manchester United,Christian Eriksen,878765.0,299,23046,260,39,54,77,54,0,416,240,34.6,22.9,46,6724,77.8,301,38,962,5723,25754,258,212,160,131,66,50.4,176,140,56,87,33,23,112,103,1,52,34.0,24,0,128,88,11,0,842,0,0,,0,,FW,0,0,0,0,1,0,0,0,0
289,396,Manchester United,Leny Yoro,970092.0,10,455,4,6,0,0,0,0,4,1,25.0,8.0,0,268,92.1,0,0,20,224,899,2,1,0,0,0,,12,3,9,3,0,1,12,15,0,6,42.9,2,0,5,1,1,0,12,0,0,,0,,DF,0,0,0,0,0,0,0,0,0
290,90,Manchester United,Amad Diallo,1401901.0,33,2060,21,12,7,8,7,0,50,18,36.0,18.1,0,816,83.6,45,4,69,824,5717,106,46,50,107,50,46.7,46,32,8,27,11,2,12,22,0,14,38.9,4,0,23,29,9,0,116,0,0,,0,,FW,0,0,0,0,0,0,0,0,0
291,132,Manchester United,Alejandro Garnacho,1634560.0,79,4378,47,32,13,7,13,0,172,55,32.0,16.0,0,1184,76.6,67,5,97,1623,13081,287,131,91,228,74,32.5,42,27,14,10,18,2,30,30,2,10,15.9,8,0,35,86,23,0,206,0,0,,0,,FW,0,0,0,0,0,0,0,0,0
292,60,Manchester United,Casemiro,940543.0,67,4943,58,9,6,5,6,0,91,25,27.5,19.2,1,2738,79.5,60,12,308,2228,7671,29,39,39,43,21,48.8,210,128,107,78,25,49,60,165,4,116,64.8,15,2,87,47,10,0,396,0,0,,0,,MF,0,0,0,0,0,0,0,5,0
293,81,Manchester United,Diogo Dalot,421047.0,128,10155,113,15,3,8,3,0,96,22,22.9,20.9,0,4958,79.1,114,46,424,3876,18844,234,104,38,158,93,58.9,267,178,175,66,26,46,144,308,3,149,65.4,23,1,126,30,8,0,684,0,0,,0,,DF,0,0,0,0,0,0,0,0,0
294,158,Manchester United,Tom Heaton,217407.0,116,10379,116,0,0,0,0,0,1,0,0.0,11.8,0,735,54.9,2,0,0,553,4144,0,2,0,1,1,100.0,3,4,3,0,0,0,2,14,2,10,100.0,5,0,2,5,0,1,29,167,401,71.8,28,24.1,GK,0,0,0,0,0,0,0,0,0
295,332,Manchester United,Luke Shaw,595027.0,253,20143,234,19,3,17,3,0,83,44,34.9,19.7,1,8222,82.1,220,45,748,5883,31711,406,130,70,199,119,59.8,240,156,115,100,25,68,135,332,10,212,58.4,60,1,274,115,12,1,811,0,0,,0,,DF,0,0,0,0,2,0,0,0,0
296,278,Manchester United,André Onana,797463.0,61,5490,61,0,0,0,0,0,0,0,,,0,1791,73.4,4,0,6,1831,9624,1,2,0,1,1,100.0,3,1,3,0,0,0,0,20,6,19,90.5,5,0,1,6,0,0,65,90,203,72.6,16,26.2,GK,0,0,0,0,0,0,0,0,0
297,115,Manchester United,Jonny Evans,785354.0,385,31569,357,28,14,14,14,0,67,48,40.3,8.2,0,7867,85.3,42,4,471,6258,28945,78,50,20,38,31,81.6,192,145,144,42,6,87,331,754,9,462,67.0,58,3,298,147,4,3,925,0,0,,0,,DF,0,0,0,0,0,0,0,1,3
298,227,Manchester United,Kobbie Mainoo,2032291.0,42,3151,38,4,3,1,3,0,20,6,30.0,20.8,0,1321,86.3,27,1,114,1174,5445,45,52,51,96,51,53.1,82,50,35,27,20,15,38,36,2,35,42.7,8,0,37,41,2,0,164,0,0,,0,,MF,0,0,0,0,0,0,0,0,0
299,72,Manchester United,Toby Collyer,214781.0,4,124,0,4,0,0,0,0,0,0,,,0,56,88.9,1,0,5,46,183,0,6,1,1,1,100.0,7,6,4,3,0,1,0,2,0,1,50.0,0,0,2,3,0,0,9,0,0,,0,,MF,0,0,0,0,0,0,0,0,0
300,252,Nottingham Forest,Morato,69199.0,16,444,2,14,0,0,0,0,1,0,0.0,7.0,0,91,67.4,0,0,9,65,308,0,4,1,1,1,100.0,12,9,10,1,1,3,6,45,2,2,18.2,1,0,6,1,0,0,18,0,0,,0,,DF,0,0,0,0,0,0,0,0,0
301,262,Nottingham Forest,Murillo,216924.0,54,4746,54,0,1,2,1,0,35,10,28.6,23.7,5,1775,77.2,17,0,154,1471,7984,33,32,22,56,37,66.1,86,57,61,21,4,55,59,329,2,61,52.1,9,0,54,10,0,1,228,0,0,,0,,DF,0,0,0,0,0,0,0,0,0
302,319,Nottingham Forest,Ibrahim Sangaré,109803.0,20,1247,16,4,0,0,0,0,9,1,11.1,18.6,0,425,79.0,8,0,52,339,1450,5,12,9,12,6,50.0,57,32,30,23,4,7,18,23,0,13,40.6,8,0,27,13,2,0,88,0,0,,0,,MF,0,0,0,0,0,0,0,0,0
303,389,Nottingham Forest,Neco Williams,232294.0,90,5250,57,33,1,3,1,0,68,17,25.0,20.5,3,1749,68.6,39,27,143,1671,10139,155,85,57,143,59,41.3,189,115,126,46,17,28,87,172,0,77,52.7,17,0,76,85,7,0,317,0,0,,0,,DF,0,0,0,0,0,0,0,0,1
304,14,Nottingham Forest,Elliot Anderson,253765.0,66,2912,31,35,1,8,1,0,54,13,24.1,17.2,0,1090,78.3,51,2,154,1026,5994,92,74,53,124,57,46.0,89,59,50,27,12,11,31,66,2,53,64.6,8,0,52,60,4,0,207,0,0,,0,,MF,0,0,0,0,0,0,0,0,0
305,22,Nottingham Forest,Taiwo Awoniyi,166304.0,65,2694,31,34,17,4,17,0,65,29,44.6,11.9,0,310,67.4,22,0,30,472,2289,31,121,50,43,18,41.9,30,19,3,17,10,6,5,33,0,49,27.1,4,0,40,42,29,0,102,0,0,,0,,FW,0,0,0,0,0,0,0,0,0
306,135,Nottingham Forest,Morgan Gibbs-White,388051.0,139,9021,100,39,15,23,12,3,184,52,28.3,19.1,10,2867,71.2,195,22,468,2890,15928,228,257,137,308,136,44.2,106,59,32,47,27,15,49,55,0,162,40.1,25,1,115,130,19,0,495,0,0,,0,,MF,0,0,0,0,0,0,0,0,0
307,393,Nottingham Forest,Chris Wood,784289.0,250,16688,193,57,83,10,76,7,378,181,47.6,12.3,0,2291,61.3,131,2,182,2602,8536,99,506,220,106,43,40.6,62,38,8,30,24,29,17,142,0,862,44.7,6,0,195,142,198,1,380,0,0,,0,,FW,0,0,0,0,0,0,0,0,0
308,162,Nottingham Forest,Wayne Hennessey,92485.0,187,16643,184,3,0,1,0,0,0,0,,,0,836,52.6,4,0,1,721,4834,0,1,0,0,0,,1,2,1,0,0,0,5,15,4,19,95.0,4,0,0,8,0,0,40,312,644,67.9,38,20.7,GK,0,0,0,0,0,0,0,0,0
309,167,Nottingham Forest,Callum Hudson-Odoi,412436.0,121,6685,70,51,15,14,15,0,135,51,37.8,17.6,1,2493,79.8,155,41,281,2581,19388,447,147,112,251,145,57.8,88,53,37,29,22,2,35,33,4,12,20.3,3,0,54,87,31,0,302,0,0,,0,,FW,0,0,0,0,0,0,0,1,0
310,360,Nottingham Forest,Harry Toffolo,67638.0,45,2446,24,21,1,3,1,0,15,7,46.7,16.6,0,691,68.3,23,14,73,473,1708,18,17,11,12,4,33.3,45,22,31,10,4,21,25,89,0,39,57.4,5,0,27,7,0,0,113,0,0,,0,,DF,0,0,0,0,0,0,0,0,0
311,98,Nottingham Forest,Nicolás Domínguez,75952.0,46,2593,31,15,2,2,2,0,35,10,28.6,17.3,0,1200,85.5,15,1,135,779,3094,23,32,15,21,8,38.1,104,54,56,41,7,12,38,51,1,32,50.0,10,0,45,27,3,0,167,0,0,,0,,MF,0,0,0,0,0,0,0,0,0
312,338,Nottingham Forest,Eric da Silva Moreira,63778.0,2,30,0,2,0,0,0,0,0,0,,,0,7,87.5,0,0,0,4,26,1,1,0,1,0,0.0,2,2,2,0,0,0,1,0,0,0,,0,0,0,0,0,0,2,0,0,,0,,MF,0,0,0,0,0,0,0,0,0
313,253,Nottingham Forest,Àlex Moreno,130856.0,53,3173,35,18,2,4,2,0,27,7,25.9,17.8,0,1266,76.9,37,17,90,1076,6921,121,63,26,111,45,40.5,65,44,52,10,3,10,34,107,2,14,31.8,7,0,39,32,2,1,149,0,0,,0,,DF,0,0,0,0,0,0,0,0,0
314,337,Nottingham Forest,Jota Silva,196373.0,22,690,4,18,0,1,0,0,13,2,15.4,14.4,0,92,59.0,12,3,12,140,930,16,23,8,27,8,29.6,21,10,11,8,2,1,12,15,0,18,45.0,4,0,17,20,5,0,37,0,0,,0,,FW,0,0,0,0,0,0,0,0,0
315,107,Nottingham Forest,Anthony Elanga,333575.0,98,5597,63,35,11,17,11,0,113,46,40.7,16.1,4,1259,70.2,78,10,105,1467,10101,196,167,71,173,58,33.5,78,49,40,26,12,4,25,54,1,64,40.5,2,0,26,83,36,0,226,0,0,,0,,FW,0,0,0,0,0,0,0,0,0
316,395,Nottingham Forest,Ryan Yates,116138.0,83,5286,57,26,2,3,2,0,82,19,23.2,17.8,0,1598,79.9,26,1,153,1089,4800,41,60,42,33,15,45.5,137,77,78,46,13,27,50,132,2,104,57.1,17,0,143,148,8,0,291,0,0,,0,,MF,0,0,0,0,0,0,0,0,0
317,344,Nottingham Forest,Ramón Sosa,84951.0,14,241,1,13,1,0,1,0,10,5,50.0,18.9,0,54,68.4,7,2,4,62,505,10,5,5,10,7,70.0,4,2,2,0,2,0,3,4,0,4,40.0,1,0,6,6,3,0,18,0,0,,0,,FW,0,0,0,0,0,0,0,0,0
318,327,Nottingham Forest,Matz Sels,203409.0,39,3510,39,0,0,0,0,0,0,0,,,0,573,58.8,1,0,1,552,3113,0,0,0,0,0,,1,1,1,0,0,0,0,25,2,15,93.8,3,0,0,10,0,0,11,54,105,66.9,10,25.6,GK,0,0,0,0,0,0,0,0,0
319,82,Nottingham Forest,Danilo,100869.0,34,2156,22,12,4,2,4,0,33,10,30.3,24.2,1,1868,87.5,9,3,166,1400,5702,60,22,9,26,16,61.5,63,45,31,24,8,6,34,55,1,34,63.0,3,0,22,18,0,0,129,0,0,,0,,DF,0,0,0,0,0,0,1,2,2
320,45,Nottingham Forest,Willy Boly,100677.0,124,10163,117,7,7,4,7,0,63,21,33.3,11.6,0,4253,80.3,32,0,294,3316,15492,49,41,28,46,33,71.7,264,160,177,82,5,87,196,551,10,374,68.4,14,3,101,39,9,0,608,0,0,,0,,DF,0,0,0,0,0,0,0,0,0
321,246,Nottingham Forest,Nikola Milenković,166251.0,22,1980,22,0,2,1,2,0,22,5,22.7,12.4,0,489,81.9,4,0,35,318,1307,2,1,2,1,1,100.0,26,17,18,8,0,15,16,103,0,63,68.5,2,0,10,3,1,0,47,0,0,,0,,DF,0,0,0,0,0,0,0,0,0
322,6,Nottingham Forest,Ola Aina,291535.0,79,6373,74,5,5,3,5,0,33,8,24.2,24.9,1,2631,75.3,34,22,253,2075,12022,159,77,35,123,69,56.1,129,85,85,31,13,16,91,211,4,56,47.5,8,0,64,76,6,0,373,0,0,,0,,DF,0,0,0,0,0,0,0,0,0
323,376,Tottenham Hotspur,Guglielmo Vicario,306941.0,50,4500,50,0,0,0,0,0,0,0,,,0,1756,86.5,0,0,4,1384,6253,0,0,0,1,1,100.0,0,0,0,0,0,0,2,38,4,25,96.2,3,0,0,9,0,0,80,74,137,67.8,10,20.0,GK,0,0,0,0,0,0,0,0,0
324,299,Tottenham Hotspur,Sergio Reguilón,362128.0,80,5813,66,14,2,10,2,0,59,14,23.7,17.2,0,2510,74.3,75,50,200,2129,11503,164,95,35,136,59,43.4,149,80,78,54,17,21,86,146,3,84,48.8,18,1,64,74,6,1,338,0,0,,0,,DF,0,0,0,0,0,0,0,0,0
325,83,Tottenham Hotspur,Kevin Danso,142044.0,6,277,3,3,0,1,0,0,1,0,0.0,10.5,0,116,69.5,2,0,12,88,556,6,4,1,7,3,42.9,6,4,3,3,0,3,2,7,0,7,36.8,2,1,4,2,0,0,13,0,0,,0,,DF,0,0,0,0,0,0,0,0,0
326,103,Tottenham Hotspur,Radu Drăgușin,579575.0,25,1681,18,7,0,0,0,0,6,1,16.7,12.3,0,1042,86.1,4,1,45,907,4899,12,9,3,5,1,20.0,15,9,13,2,0,20,23,68,4,42,60.0,2,0,12,14,1,0,69,0,0,,0,,DF,0,0,0,0,0,0,0,0,0
327,163,Tottenham Hotspur,Son Heung-min,1724521.0,323,23438,270,53,126,68,123,3,665,325,46.9,17.1,11,6106,78.8,424,28,722,6424,41832,775,465,369,688,354,51.5,167,106,49,77,41,14,96,71,3,67,22.4,9,3,121,290,168,1,843,0,0,,0,,FW,0,1,0,0,1,0,0,0,0
328,42,Tottenham Hotspur,Yves Bissouma,231337.0,180,12302,139,41,5,2,5,0,145,25,17.2,26.0,7,6560,88.2,64,2,679,5442,32532,245,207,155,317,206,65.0,419,271,194,192,33,30,230,246,8,120,50.8,48,3,225,146,3,0,907,0,0,,0,,MF,0,0,0,0,0,0,0,0,0
329,303,Tottenham Hotspur,Richarlison,549346.0,236,16644,192,44,62,24,58,4,511,175,34.2,14.7,6,2972,63.9,169,15,414,4629,29436,538,579,415,553,271,49.0,311,208,129,126,56,25,91,220,2,410,35.4,37,2,217,438,123,0,847,0,0,,0,,FW,0,0,0,0,0,0,0,0,0
330,223,Tottenham Hotspur,James Maddison,599709.0,213,15928,185,28,55,45,53,2,478,166,34.7,21.4,75,6988,76.7,438,34,1153,7157,36198,381,299,215,493,264,53.5,284,155,81,143,60,15,78,65,4,37,26.4,34,1,174,486,25,0,710,0,0,,0,,MF,0,0,0,0,0,0,0,0,0
331,370,Tottenham Hotspur,Destiny Udogie,295760.0,46,3821,46,0,2,4,2,0,14,6,42.9,11.9,0,1997,86.5,37,1,252,1549,9264,122,73,42,83,34,41.0,118,64,67,33,18,10,54,105,6,33,45.8,9,1,73,66,4,0,252,0,0,,0,,DF,0,0,0,0,0,0,0,0,0
332,143,Tottenham Hotspur,Archie Gray,697929.0,16,872,9,7,0,0,0,0,1,1,100.0,24.6,0,608,89.0,0,0,21,516,2298,3,3,7,7,4,57.1,10,4,3,4,3,6,6,27,2,8,61.5,0,0,6,5,0,1,42,0,0,,0,,DF,0,0,0,0,0,0,0,0,0
333,37,Tottenham Hotspur,Lucas Bergvall,445694.0,16,562,5,11,0,0,0,0,4,0,0.0,22.6,0,365,89.7,5,2,30,287,1818,15,13,10,19,10,52.6,21,14,8,10,3,6,13,14,2,6,46.2,3,0,11,10,0,0,42,0,0,,0,,MF,0,0,0,0,0,0,0,0,0
334,385,Tottenham Hotspur,Timo Werner,1009750.0,86,5201,58,28,12,15,12,0,161,57,35.4,13.9,0,1362,74.6,69,13,157,1575,11501,270,145,58,162,61,37.7,41,21,15,21,5,2,14,21,0,17,23.9,4,0,45,54,55,0,161,0,0,,0,,FW,0,0,0,0,0,0,0,1,0
335,310,Tottenham Hotspur,Cristian Romero,300901.0,94,7972,92,2,7,1,7,0,52,17,32.7,11.0,0,5739,89.4,27,1,384,4760,23245,84,49,22,47,28,59.6,223,138,138,75,10,64,134,314,5,214,64.5,27,2,108,60,4,1,573,0,0,,0,,DF,0,0,0,0,0,1,0,0,0
336,342,Tottenham Hotspur,Dominic Solanke,1328791.0,152,10377,111,41,36,16,34,2,293,100,34.1,12.9,0,1483,70.6,110,5,200,2226,14030,209,415,270,351,143,40.7,76,40,15,41,20,19,25,143,1,281,39.6,6,0,139,161,37,1,334,0,0,,0,,FW,0,0,0,0,0,0,0,0,0
337,125,Tottenham Hotspur,Fraser Forster,343218.0,155,13828,154,1,0,0,0,0,0,0,,,0,1211,61.5,0,0,0,1035,6153,0,6,0,1,1,100.0,3,2,3,0,0,0,0,50,10,12,100.0,6,0,1,9,0,0,43,204,404,68.8,46,29.9,GK,0,0,0,0,0,0,0,0,0
338,208,Tottenham Hotspur,Dejan Kulusevski,396137.0,107,7950,89,18,21,22,21,0,160,56,35.0,16.3,0,2471,77.3,196,41,351,2903,20354,393,261,193,378,162,42.9,152,80,59,47,46,4,54,20,2,20,33.9,15,0,143,100,22,0,447,0,0,,0,,MF,0,0,0,0,0,0,0,0,0
339,181,Tottenham Hotspur,Brennan Johnson,526715.0,83,4490,46,37,2,1,2,0,20,7,35.0,21.7,0,1660,71.3,23,23,179,1400,7283,83,58,42,78,38,48.7,109,61,63,34,12,20,62,149,1,64,51.2,5,0,44,25,3,0,266,0,0,,0,,DF,0,0,0,0,0,0,0,0,0
340,290,Tottenham Hotspur,Pedro Porro,484185.0,73,6118,68,5,8,15,8,0,113,27,23.9,21.4,8,3274,74.7,110,41,351,2635,11687,143,70,37,122,49,40.2,159,112,70,64,25,31,71,186,5,24,38.1,5,0,62,64,3,0,395,0,0,,0,,DF,0,0,0,0,0,0,0,0,0
341,346,Tottenham Hotspur,Djed Spence,285489.0,14,597,6,8,0,1,0,0,4,0,0.0,20.0,0,387,85.4,4,2,33,309,1812,22,9,13,32,16,50.0,22,19,14,6,2,4,8,16,1,11,64.7,3,1,7,7,1,0,29,0,0,,0,,DF,0,0,0,0,0,0,0,0,0
342,275,Tottenham Hotspur,Wilson Odobert,220367.0,32,2260,27,5,3,2,3,0,55,14,25.5,19.1,0,505,76.3,34,5,68,621,5188,115,52,34,120,56,46.7,22,15,10,7,5,2,6,15,1,11,42.3,3,0,9,21,1,0,103,0,0,,0,,MF,0,0,0,0,0,0,0,0,0
343,235,Tottenham Hotspur,Pape Matar Sarr,203758.0,68,3519,44,24,4,6,4,0,59,23,39.0,19.8,0,1968,87.6,31,6,226,1729,9782,66,64,32,62,29,46.8,75,54,30,36,9,13,55,48,2,47,43.5,14,0,56,45,2,0,254,0,0,,0,,MF,0,0,0,0,0,0,0,0,0
344,34,Tottenham Hotspur,Rodrigo Bentancur,272468.0,71,4644,56,15,8,7,8,0,62,18,29.0,17.8,0,2804,86.6,37,7,278,2299,11030,69,57,60,83,49,59.0,128,72,50,57,21,30,78,83,2,67,48.9,25,0,84,42,0,0,334,0,0,,0,,MF,0,0,0,0,0,0,0,0,0
345,198,Tottenham Hotspur,Antonín Kinský,2891.0,3,270,3,0,0,0,0,0,0,0,,,0,96,85.0,1,0,1,70,309,1,0,0,0,0,,3,1,3,0,0,0,0,4,1,1,100.0,0,0,0,0,0,0,3,7,8,46.2,0,0.0,GK,0,0,0,0,0,0,0,0,0
346,85,Tottenham Hotspur,Ben Davies,195630.0,302,23163,253,49,10,19,10,0,101,33,25.7,18.0,0,7254,80.6,113,42,706,5678,28793,295,93,55,98,47,48.0,250,177,122,92,36,81,166,442,5,347,55.9,40,0,247,143,10,0,573,0,0,,0,,DF,0,0,0,0,0,0,0,0,0
347,374,Tottenham Hotspur,Micky van de Ven,484808.0,36,3127,36,0,3,2,3,0,13,4,30.8,14.0,0,2287,93.2,3,0,151,1926,8918,27,19,16,33,19,57.6,57,40,37,16,4,20,27,107,2,54,48.6,9,0,21,23,1,0,198,0,0,,0,,DF,0,0,0,0,0,0,0,0,0
348,21,Tottenham Hotspur,Brandon Austin,77626.0,1,90,1,0,0,0,0,0,0,0,,,0,22,68.8,0,0,0,22,104,0,0,0,0,0,,0,0,0,0,0,0,0,1,0,2,100.0,0,0,0,2,0,0,1,2,2,50.0,0,0.0,GK,0,0,0,0,0,0,0,0,0
349,325,Tottenham Hotspur,Dane Scarlett,130570.0,6,27,0,6,0,0,0,0,0,0,,,0,3,75.0,0,0,1,11,44,0,5,0,4,1,25.0,1,1,0,0,1,0,0,0,0,0,0.0,0,0,1,2,0,0,0,0,0,,0,,FW,0,0,0,0,0,0,0,0,0
350,117,West Ham United,Łukasz Fabiański,216853.0,375,33088,370,5,0,1,0,0,0,0,,,0,4169,60.9,3,0,1,3630,24366,0,5,1,5,5,100.0,7,4,7,0,0,0,5,67,11,67,90.5,11,1,6,29,0,0,155,528,1170,70.6,91,24.4,GK,0,0,0,0,0,0,0,0,0
351,76,West Ham United,Aaron Cresswell,96618.0,303,25012,280,23,10,26,10,0,107,37,19.6,24.0,41,8018,75.3,215,80,918,5831,25572,244,91,57,96,36,37.5,192,123,93,80,19,80,226,467,5,231,55.1,36,2,127,92,15,0,908,0,0,,0,,DF,0,0,0,0,0,0,0,0,0
352,343,West Ham United,Carlos Soler,186293.0,18,915,10,8,1,1,1,0,19,5,26.3,19.7,1,376,83.9,10,0,41,241,1125,9,7,10,13,5,38.5,8,8,4,4,0,3,4,10,2,6,42.9,5,0,19,9,0,0,45,0,0,,0,,MF,0,0,0,0,0,0,0,0,0
353,75,West Ham United,Vladimír Coufal,82176.0,139,11196,126,13,0,19,0,0,44,12,27.3,19.2,0,4350,68.0,131,81,470,3317,18009,253,127,70,109,47,43.1,253,142,169,60,24,45,149,357,3,179,55.2,22,2,137,106,4,2,625,0,0,,0,,DF,0,0,0,0,0,0,0,0,0
354,351,West Ham United,Crysencio Summerville,421582.0,53,2342,19,34,5,3,5,0,45,13,28.9,14.6,0,553,75.2,35,7,70,683,4389,85,69,54,106,41,38.7,48,30,17,23,8,6,15,18,0,9,22.0,6,0,32,65,12,0,139,0,0,,0,,FW,0,0,0,0,0,0,0,0,0
355,381,West Ham United,James Ward-Prowse,393980.0,390,27520,302,88,56,46,41,15,327,169,43.4,24.9,114,9776,77.0,417,55,1028,6544,26366,135,170,125,121,71,58.7,382,242,156,181,45,61,294,375,2,258,42.7,48,3,320,166,4,2,1392,0,0,,0,,MF,0,0,0,0,0,0,0,0,0
356,17,West Ham United,Michail Antonio,515782.0,268,19021,220,48,68,33,67,1,476,193,36.3,14.7,0,2355,61.5,166,43,286,3691,24755,449,605,379,630,332,52.7,112,98,36,45,31,17,87,82,1,460,42.3,35,3,293,329,99,0,508,0,0,,0,,FW,0,0,0,0,0,0,0,0,0
357,284,West Ham United,Lucas Paquetá,459716.0,81,6382,77,4,12,9,7,5,123,25,20.3,18.7,4,2671,76.0,98,12,421,2423,9830,72,155,166,168,87,51.8,190,131,79,83,28,7,49,82,5,122,46.7,21,0,129,127,12,0,439,0,0,,0,,MF,0,0,0,0,0,0,0,0,0
358,129,West Ham United,Niclas Füllkrug,847478.0,9,370,3,6,2,1,2,0,8,3,37.5,10.3,0,53,68.8,7,0,4,40,146,3,10,2,3,0,0.0,2,2,0,1,1,0,0,5,0,20,45.5,1,0,9,3,4,0,4,0,0,,0,,FW,0,0,0,0,0,0,0,0,0
359,207,West Ham United,Mohammed Kudus,421497.0,51,3957,45,6,11,7,11,0,115,31,27.0,17.3,0,1093,80.0,47,26,127,1386,10026,178,122,147,344,181,52.6,90,63,33,39,18,1,13,11,1,20,30.3,6,1,58,108,30,0,290,0,0,,0,,MF,0,0,0,0,0,0,0,0,0
360,238,West Ham United,Konstantinos Mavropanos,115317.0,45,3229,37,8,1,0,1,0,26,4,15.4,12.6,0,1415,82.5,8,1,97,1124,6132,26,16,0,22,12,54.5,56,37,36,17,3,31,68,169,5,89,66.9,7,2,30,23,2,2,141,0,0,,0,,DF,0,0,0,0,0,0,0,0,0
361,148,West Ham United,Luis Guilherme,121535.0,5,50,0,5,0,0,0,0,1,0,0.0,23.7,0,17,85.0,1,1,1,12,73,0,1,0,3,0,0.0,1,0,1,0,0,0,1,1,0,1,50.0,0,0,0,2,0,0,3,0,0,,0,,MF,0,0,0,0,0,0,0,0,0
362,170,West Ham United,Danny Ings,266765.0,238,14423,163,75,72,23,62,10,320,163,39.1,14.3,0,1666,64.7,129,7,267,2241,10679,171,296,161,282,134,47.5,151,88,30,88,33,14,33,115,2,154,30.7,21,0,144,102,65,0,388,0,0,,0,,FW,0,0,0,0,0,0,0,0,0
363,12,West Ham United,Edson Álvarez,235129.0,50,3606,42,8,1,2,1,0,28,4,14.3,23.3,0,1612,85.8,22,4,146,1350,7647,34,57,41,66,38,57.6,114,58,65,36,13,27,55,110,1,48,50.0,19,1,62,30,3,0,233,0,0,,0,,MF,0,0,0,0,0,0,0,0,0
364,46,West Ham United,Jarrod Bowen,725220.0,185,14550,165,20,48,34,46,2,367,135,36.8,16.1,1,2616,66.2,201,30,315,3410,26043,448,333,270,488,204,41.8,187,110,75,58,54,19,126,89,0,139,32.0,11,0,116,259,65,0,699,0,0,,0,,FW,0,0,0,0,0,0,0,0,0
365,122,West Ham United,Wes Foderingham,128195.0,30,2649,29,1,0,0,0,0,0,0,,,0,596,56.5,1,0,0,575,3493,0,1,1,2,2,100.0,5,3,5,0,0,0,0,18,6,1,50.0,2,0,1,12,0,1,31,79,130,63.7,1,3.4,GK,0,0,0,0,0,0,0,0,0
366,19,West Ham United,Alphonse Areola,307986.0,85,7338,81,4,0,0,0,0,0,0,,,0,1728,70.2,0,0,1,1407,7580,0,1,0,1,1,100.0,3,2,3,0,0,0,2,37,4,25,92.6,3,0,3,8,0,2,69,133,297,71.8,16,19.8,GK,0,0,0,0,0,1,0,0,0
367,308,West Ham United,Guido Rodríguez,232289.0,19,1017,14,5,0,0,0,0,8,1,12.5,27.8,0,419,84.1,3,0,31,284,988,2,1,6,3,2,66.7,30,16,19,11,0,9,12,28,1,8,53.3,5,0,15,11,1,0,46,0,0,,0,,MF,0,0,0,0,0,1,0,0,0
368,359,West Ham United,Jean-Clair Todibo,261491.0,15,866,8,7,0,0,0,0,2,0,0.0,12.6,0,412,88.6,2,0,17,327,1484,3,4,6,10,6,60.0,22,15,17,5,0,8,11,47,3,15,51.7,0,0,6,3,0,0,41,0,0,,0,,DF,0,0,0,0,0,0,0,0,0
369,345,West Ham United,Tomáš Souček,146770.0,180,14821,168,12,32,8,32,0,243,78,32.1,11.8,0,4424,74.1,92,12,572,3338,13616,88,149,76,84,36,42.9,330,174,154,151,25,86,239,468,4,717,56.1,27,1,240,123,20,2,803,0,0,,0,,MF,0,0,0,0,0,0,0,0,0
370,379,West Ham United,Aaron Wan-Bissaka,480558.0,194,16793,187,7,4,14,4,0,53,12,22.6,15.8,0,8122,80.0,135,58,735,5987,34478,503,196,155,445,269,60.4,547,359,316,192,39,96,365,593,5,178,47.3,25,1,136,92,8,0,1013,0,0,,0,,DF,0,0,0,0,0,0,0,0,0
371,283,West Ham United,Emerson Palmieri,168722.0,112,8080,94,18,4,4,4,0,61,25,41.0,17.8,6,3978,80.6,78,25,290,2972,16292,223,93,54,154,64,41.6,225,136,106,90,29,27,103,220,0,83,56.1,20,0,81,85,3,1,386,0,0,,0,,DF,0,0,0,0,0,0,0,0,0
372,118,West Ham United,Evan Ferguson,310639.0,59,2568,27,32,13,2,13,0,76,39,51.3,15.7,1,464,79.7,20,0,30,525,2327,26,73,57,31,16,51.6,23,11,5,13,5,5,4,18,0,26,38.8,2,0,36,37,10,0,59,0,0,,0,,FW,0,0,0,0,0,0,0,0,0
373,172,West Ham United,Andy Irving,146149.0,8,89,0,8,0,0,0,0,3,2,66.7,25.9,0,86,90.5,0,0,7,61,223,0,1,3,1,1,100.0,6,4,2,3,1,0,0,3,0,1,50.0,1,0,3,0,0,0,7,0,0,,0,,MF,0,0,0,0,0,0,0,0,0
374,324,West Ham United,Oliver Scarles,13513.0,5,97,0,5,0,0,0,0,0,0,,,0,36,70.6,0,0,4,28,154,2,1,0,4,1,25.0,3,2,3,0,0,1,0,4,0,2,50.0,0,0,0,0,0,0,8,0,0,,0,,MF,0,0,0,0,0,0,0,0,0
375,312,Wolverhampton Wanderers,José Sá,131316.0,124,11002,124,0,0,2,0,0,0,0,,,0,2650,67.3,6,0,5,2402,15641,0,8,1,15,15,100.0,5,3,5,0,0,0,2,57,17,33,97.1,7,0,6,34,0,1,154,188,399,71.6,29,23.4,GK,0,0,0,0,0,0,0,0,0
376,96,Wolverhampton Wanderers,Matt Doherty,152304.0,165,11030,117,48,14,15,14,0,127,47,37.0,12.3,0,5193,76.4,112,31,451,3693,17841,246,165,65,160,76,47.5,236,137,145,72,19,38,165,329,5,427,60.0,15,1,123,75,13,2,588,0,0,,0,,DF,0,0,0,0,0,0,0,0,0
377,7,Wolverhampton Wanderers,Rayan Aït-Nouri,207693.0,120,8518,96,24,8,9,8,0,81,28,34.6,16.7,0,3767,81.4,82,29,318,3158,17677,256,175,140,368,191,51.9,250,147,167,68,15,13,76,176,2,69,41.6,22,1,91,125,17,1,508,0,0,,0,,DF,0,0,0,0,0,0,0,0,0
378,53,Wolverhampton Wanderers,Santiago Bueno,55297.0,28,2153,24,4,0,0,0,0,6,3,50.0,14.0,0,1010,87.9,2,0,33,759,3879,4,3,4,3,1,33.3,39,20,22,16,1,29,19,77,0,46,47.4,1,0,31,8,0,0,65,0,0,,0,,DF,0,0,0,0,0,0,0,0,0
379,365,Wolverhampton Wanderers,Boubacar Traoré,47137.0,34,1230,11,23,0,1,0,0,14,1,7.1,28.2,0,501,82.9,7,3,37,373,1946,13,16,20,24,14,58.3,47,28,20,22,5,4,12,8,0,13,35.1,6,0,33,6,1,0,89,0,0,,0,,MF,0,0,0,0,0,0,0,0,0
380,15,Wolverhampton Wanderers,André,136412.0,18,1222,16,2,0,0,0,0,2,1,50.0,24.8,0,551,92.1,8,0,47,383,1614,5,13,11,14,6,42.9,50,34,24,21,5,6,16,23,1,1,14.3,3,0,18,19,0,0,82,0,0,,0,,MF,0,0,0,0,0,0,0,1,0
381,136,Wolverhampton Wanderers,João Gomes,214627.0,67,5154,61,6,5,2,5,0,47,15,31.9,18.8,0,2117,82.4,40,6,227,1597,8520,70,71,82,101,48,47.5,228,125,117,96,15,13,40,66,2,33,41.8,24,1,134,74,2,0,361,0,0,,0,,MF,0,0,0,0,0,0,0,0,0
382,350,Wolverhampton Wanderers,Jørgen Strand Larsen,226651.0,23,1833,22,1,7,2,7,0,35,23,65.7,11.8,0,182,61.9,14,1,18,215,771,9,57,21,10,4,40.0,6,4,2,2,2,3,4,19,0,47,41.2,2,0,30,12,12,0,31,0,0,,0,,FW,0,0,0,0,0,0,0,0,0
383,80,Wolverhampton Wanderers,Matheus Cunha,468919.0,71,5190,61,10,24,11,23,1,165,69,41.8,19.2,5,1356,75.3,71,10,192,1496,11464,202,165,100,272,131,48.2,65,35,22,34,9,10,37,50,1,32,24.1,12,0,79,114,15,0,260,0,0,,0,,MF,0,0,0,0,0,0,0,0,0
384,160,Wolverhampton Wanderers,Hwang Hee-chan,280295.0,102,5673,62,40,22,5,21,1,94,39,41.5,13.9,0,1299,78.6,46,5,135,1386,8714,142,139,82,181,83,45.9,73,36,29,33,11,3,30,32,1,24,19.0,9,0,85,101,19,0,238,0,0,,0,,FW,0,0,0,0,0,0,0,0,0
385,5,Wolverhampton Wanderers,Emmanuel Agbadou,8164.0,3,270,3,0,0,0,0,0,1,0,0.0,29.4,0,128,75.3,0,0,5,112,594,1,2,1,6,5,83.3,13,8,9,4,0,1,3,16,0,7,63.6,1,0,0,1,1,0,23,0,0,,0,,DF,0,0,0,0,0,0,0,0,0
386,257,Wolverhampton Wanderers,Yerson Mosquera,115788.0,5,441,5,0,0,0,0,0,2,0,0.0,12.4,0,205,85.4,2,1,7,168,683,0,4,1,0,0,,11,7,9,2,0,10,10,14,0,11,64.7,2,0,6,7,1,0,24,0,0,,0,,DF,0,0,0,0,0,0,0,0,0
387,86,Wolverhampton Wanderers,Craig Dawson,139462.0,303,25696,287,16,21,5,21,0,142,51,26.8,10.3,0,5765,80.1,34,14,370,4718,21515,40,54,24,34,22,64.7,172,153,114,49,9,211,251,755,7,496,64.8,57,2,281,128,15,4,716,0,0,,0,,DF,0,0,0,0,0,0,0,0,0
388,137,Wolverhampton Wanderers,Rodrigo Gomes,70610.0,16,551,6,10,1,0,1,0,4,2,50.0,15.9,0,139,65.0,9,3,22,145,980,17,13,6,10,3,30.0,17,11,10,7,0,1,4,14,1,4,22.2,0,0,2,4,0,0,19,0,0,,0,,DF,0,0,0,0,0,0,0,0,0
389,102,Wolverhampton Wanderers,Tommy Doyle,149800.0,45,1682,14,31,0,1,0,0,23,6,26.1,25.4,2,1108,83.5,15,2,119,885,4435,27,13,10,11,5,45.5,35,18,15,13,7,13,17,26,1,1,10.0,3,0,16,10,0,0,131,0,0,,0,,MF,0,0,0,0,0,0,0,0,0
390,320,Wolverhampton Wanderers,Pablo Sarabia,157037.0,52,2859,33,19,6,7,4,2,72,27,37.5,17.6,8,1051,69.4,66,10,176,1075,5072,66,57,41,63,23,36.5,41,25,15,18,8,1,14,15,1,12,24.0,9,0,39,40,16,0,145,0,0,,0,,FW,0,0,0,0,0,0,0,0,0
391,328,Wolverhampton Wanderers,Nélson Semedo,178973.0,150,12438,144,6,1,7,1,0,77,23,29.9,21.1,0,5804,80.0,90,33,503,4775,28435,381,224,118,371,206,55.5,331,200,216,86,29,46,134,385,7,127,44.7,34,2,189,129,7,1,762,0,0,,0,,DF,0,0,0,0,0,0,0,0,0
392,138,Wolverhampton Wanderers,Toti Gomes,70833.0,72,5380,60,12,2,4,2,0,18,7,38.9,11.6,0,2789,82.2,14,5,149,2108,9331,33,38,19,69,48,69.6,101,64,74,22,5,40,52,225,4,110,62.5,18,0,67,30,7,0,265,0,0,,0,,DF,0,0,0,0,0,0,0,0,0
393,35,Wolverhampton Wanderers,Dan Bentley,55446.0,7,563,5,2,0,0,0,0,0,0,,,0,157,70.1,0,0,0,95,511,0,0,0,0,0,,1,1,1,0,0,0,0,1,1,2,66.7,0,0,0,1,0,0,7,10,18,64.3,1,20.0,GK,0,0,0,0,0,0,0,0,0
394,124,Wolverhampton Wanderers,Carlos Forbs,125615.0,9,237,1,8,0,0,0,0,2,0,0.0,19.1,0,56,64.4,1,1,8,72,435,9,7,4,12,7,58.3,8,5,5,2,1,0,1,2,1,1,25.0,2,0,2,1,0,0,11,0,0,,0,,MF,0,0,0,0,0,0,0,0,0
395,33,Wolverhampton Wanderers,Jean‐Ricner Bellegarde,15445.0,43,1818,20,23,3,3,3,0,27,7,25.9,19.0,1,452,78.6,23,3,58,509,3442,53,40,34,76,23,30.3,32,19,15,12,5,5,16,22,1,11,22.0,3,1,27,45,3,0,72,0,0,,0,,MF,0,0,0,0,0,0,0,0,0
396,146,Wolverhampton Wanderers,Gonçalo Guedes,166717.0,33,1330,13,20,3,5,3,0,34,12,35.3,19.5,1,300,70.4,19,7,43,367,2764,45,49,20,34,10,29.4,21,10,5,8,8,0,5,4,0,10,35.7,2,0,25,37,5,0,63,0,0,,0,,FW,0,0,0,0,0,0,0,0,0
397,141,Wolverhampton Wanderers,Enso González,34633.0,1,1,0,1,0,0,0,0,0,0,,,0,6,100.0,0,0,0,4,35,0,1,0,0,0,,0,0,0,0,0,0,0,0,0,0,,0,0,0,1,0,0,0,0,0,,0,,MF,0,0,0,0,0,0,0,0,0
398,182,Wolverhampton Wanderers,Sam Johnstone,181075.0,73,6566,73,0,0,1,0,0,0,0,,,0,1389,56.6,2,0,0,1393,9117,0,1,0,0,0,,1,0,1,0,0,0,3,32,2,14,87.5,3,0,3,5,0,0,71,128,251,69.3,15,20.5,GK,0,0,0,0,0,0,0,0,0
399,216,Wolverhampton Wanderers,Pedro Lima,60603.0,1,58,1,0,0,0,0,0,0,0,,,0,19,73.1,2,2,3,13,74,3,1,0,1,0,0.0,1,0,0,0,1,0,1,4,0,0,0.0,0,0,0,0,0,0,1,0,0,,0,,DF,0,0,0,0,0,0,0,0,0
400,128,Wolverhampton Wanderers,Nathan Fraser,61332.0,7,186,1,6,0,0,0,0,3,2,66.7,16.6,0,33,78.6,2,0,2,32,88,1,4,2,0,0,,5,2,2,1,2,1,1,2,0,3,25.0,1,0,5,3,0,0,8,0,0,,0,,FW,0,0,0,0,0,0,0,0,0
